paper_id,pmid,source_collection,year,title,center,pi_candidates,decision_reason,parse_status,body_word_count
pmid-37758692,37758692,hpmi,2023,Proteomic and genetic analyses of influenza A viruses identify pan-viral host targets.,HPMI,,explicit cross-virus/shared-host full-text language: pan-viral,cached_normalized,19723
pmid-33060197,33060197,hpmi,2020,Comparative host-coronavirus protein interaction networks reveal pan-viral disease mechanisms.,HPMI,,explicit cross-virus/shared-host full-text language: pan-viral,normalized,16444
pmid-42013838,42013838,pi-backlog,2026,Systematic discovery of pro- and anti-HIV host factors in primary human CD4+ T cells.,HPMI,Andrej Sali,"viral context plus mechanism-rich title/abstract: hiv, virus, viral, hiv, host factor, host factors",cached_normalized,15298
pmid-37738970,37738970,hpmi,2023,SARS-CoV-2 variants evolve convergent strategies to remodel the host response.,HPMI,,"explicit cross-virus/shared-host full-text language: cross virus, conserved host",cached_normalized,14280
pmid-42134328,42134328,hpmi,2026,Coronavirus protein interaction mapping in bat and human cells reveals network rewiring governing immune evasion and zoonotic potential.,HPMI,,"explicit cross-virus/shared-host full-text language: cross virus, shared host, conserved host",cached_normalized,14226
pmid-42182519,42182519,current-program,2026,Pathogen-specific host responses define distinct pneumonia endotypes in the human lung.,SCRIPT,Richard Wunderink,"virus-focused title/abstract plus weaker cross-virus framing in body: broad-spectrum, covid-19, host response, interaction, interactions, alveolar",cached_normalized,13704
pmid-34171302,34171302,hpmi,2021,"An ancient viral epidemic involving host coronavirus interacting genes more than 20,000 years ago in East Asia.",HPMI,,explicit cross-virus/shared-host full-text language: multiple viruses,normalized,12795
pmid-32645325,32645325,hpmi,2020,The Global Phosphorylation Landscape of SARS-CoV-2 Infection.,HPMI,,"virus-focused title/abstract plus weaker cross-virus framing in body: broad-spectrum, coronavirus, sars-cov-2, sars, covid-19, pathway",normalized,11779
pmid-38411080,38411080,pi-backlog,2024,CRISPR-Cas9 screen of E3 ubiquitin ligases identifies TRAF2 and UHRF1 as regulators of HIV latency in primary human T cells.,HPMI,Melanie Ott,"viral context plus mechanism-rich title/abstract: hiv, virus, viral, hiv, pathway, pathways",cached_normalized,11432
pmid-37738983,37738983,hpmi,2023,Impact of SARS-CoV-2 ORF6 and its variant polymorphisms on host responses and viral pathogenesis.,HPMI,,"viral context plus mechanism-rich title/abstract: sars-cov-2, sars, virus, viral, sars-cov-2, sars",cached_normalized,11339
pmid-31682641,31682641,pi-backlog,2019,The ETS transcription factor ELF1 regulates a broadly antiviral program distinct from the type I interferon response.,SYBIL,Adolfo Garcia-Sastre,"viral context plus mechanism-rich title/abstract: influenza, virus, viral, influenza, host response, replication",normalized,11030
pmid-36197970,36197970,pi-backlog,2022,"Common and species-specific molecular signatures, networks, and regulators of influenza virus infection in mice, ferrets, and humans.",SYBIL,Adolfo Garcia-Sastre,"viral context plus mechanism-rich title/abstract: influenza, virus, viral, influenza, host factor, pathway",normalized,10803
pmid-42150007,42150007,pi-backlog,2026,Self-Dimerization Induced Proximity Targeting Chimeras (SDIPTAC) Lead to DCAF1 Loss of Function and Inhibition of HIV Replication.,HPMI,Melanie Ott,"viral context plus mechanism-rich title/abstract: hiv, viral, hiv, interaction, replication",cached_normalized,10668
pmid-30550790,30550790,hpmi,2018,Comparative Flavivirus-Host Protein Interaction Mapping Reveals Mechanisms of Dengue and Zika Virus Pathogenesis.,HPMI,,"explicit cross-virus/shared-host full-text language: cross-virus, cross virus",normalized,10594
pmid-36095012,36095012,pi-backlog,2022,SIRT5 is a proviral factor that interacts with SARS-CoV-2 Nsp14 protein.,HPMI,Melanie Ott,"viral context plus mechanism-rich title/abstract: sars-cov-2, sars, viral, sars-cov-2, sars, interaction",normalized,10282
pmid-40339581,40339581,current-program,2025,The recency and geographical origins of the bat viruses ancestral to SARS-CoV and SARS-CoV-2.,,,"viral context plus mechanism-rich title/abstract: sars-cov-2, sars, virus, viral, sars-cov-2, sars",cached_normalized,10180
pmid-33464917,33464917,hpmi,2021,Proteomic Approaches to Study SARS-CoV-2 Biology and COVID-19 Pathology.,HPMI,,"virus-focused title/abstract plus weaker cross-virus framing in body: species barriers, coronavirus, sars-cov-2, sars, covid-19, pathway",normalized,10019
pmid-36519174,36519174,pi-backlog,2022,Interaction between chicken TRIM25 and MDA5 and their role in mediated antiviral activity against IBDV infection.,SYBIL,Adolfo Garcia-Sastre,"viral context plus mechanism-rich title/abstract: virus, viral, pathway, interaction, replication",normalized,9834
pmid-33654293,33654293,current-program,2021,Single-cell meta-analysis of SARS-CoV-2 entry genes across tissues and demographics.,,,"viral context plus mechanism-rich title/abstract: sars-cov-2, sars, covid-19, viral, sars-cov-2, sars",normalized,9516
pmid-35018374,35018374,pi-backlog,2022,SIRT5 is a proviral factor that interacts with SARS-CoV-2 Nsp14 protein.,HPMI,Melanie Ott,"viral context plus mechanism-rich title/abstract: sars-cov-2, sars, viral, sars-cov-2, sars, interaction",normalized,9503
pmid-32084337,32084337,hpmi,2020,A Quantitative Genetic Interaction Map of HIV Infection.,HPMI,,explicit cross-virus/shared-host full-text language: pan-viral,normalized,9493
pmid-31253590,31253590,hpmi,2019,ARIH2 Is a Vif-Dependent Regulator of CUL5-Mediated APOBEC3G Degradation in HIV Infection.,HPMI,,"viral context plus mechanism-rich title/abstract: hiv, viral, hiv, proteomics, restriction factor",normalized,9434
pmid-34942634,34942634,hpmi,2022,Evolution of enhanced innate immune evasion by SARS-CoV-2.,HPMI,,"virus-focused title/abstract plus weaker cross-virus framing in body: host adaptation, sars-cov-2, sars, interaction, proteomics, immune evasion",normalized,9363
pmid-41091914,41091914,current-program,2025,An intramuscular prime and mucosal boost vaccine regimen protects against lethal clade 2.3.4.4b H5N1 challenge in cynomolgus macaques.,CViSB,Kristian Andersen;Ryan McNamara,"viral context plus mechanism-rich title/abstract: influenza, h5n1, virus, viral, influenza, replication",cached_normalized,9281
pmid-34556855,34556855,hpmi,2021,Restriction factor compendium for influenza A virus reveals a mechanism for evasion of autophagy.,HPMI,,"virus-focused title/abstract plus weaker cross-virus framing in body: broad-spectrum, influenza, interaction, proteomics, transcriptomics, screen",normalized,8919
pmid-34986351,34986351,current-program,2022,Ebola virus delta peptide is an enterotoxin.,CViSB,Robert Garry,"viral context plus mechanism-rich title/abstract: ebola, virus, ebola, pathway, pathways",normalized,8781
pmid-35632848,35632848,pi-backlog,2022,"Type I and Type II Interferon Antagonism Strategies Used by Paramyxoviridae: Previous and New Discoveries, in Comparison.",SYBIL,Adolfo Garcia-Sastre,"viral context plus mechanism-rich title/abstract: virus, viral, pathway, replication",normalized,8710
pmid-42258748,42258748,current-program,2026,Longitudinal clinical proteomics reveals pneumonia type-specific protein biomarkers and autoantibodies.,CViSB,Donald S Grant;Richard Wunderink,"viral context plus mechanism-rich title/abstract: influenza, sars-cov-2, sars, covid-19, viral, influenza",cached_normalized,8699
pmid-30550789,30550789,hpmi,2018,Protein Interaction Mapping Identifies RBBP6 as a Negative Regulator of Ebola Virus Replication.,HPMI,,"viral context plus mechanism-rich title/abstract: ebola, virus, viral, ebola, pathway, pathways",normalized,8659
pmid-33333024,33333024,hpmi,2021,Genetic Screens Identify Host Factors for SARS-CoV-2 and Common Cold Coronaviruses.,HPMI,,explicit cross-virus/shared-host full-text language: multiple viruses,normalized,8573
pmid-39645657,39645657,current-program,2024,"Vimentin modulates regulatory T cell receptor-ligand interactions at distal pole complex, leading to dysregulated host response to viral pneumonia.",,,"viral context plus mechanism-rich title/abstract: influenza, viral, influenza, host response, interaction, interactions",cached_normalized,8562
pmid-41654489,41654489,pi-backlog,2026,Prenatal and postnatal effects of gestational immune activation on synaptic and neurodevelopmental pathways via epigenetic mechanisms.,SYBIL,Adolfo Garcia-Sastre,"viral context plus mechanism-rich title/abstract: influenza, h1n1, virus, influenza, pathway, pathways",cached_normalized,8551
pmid-41917196,41917196,pi-backlog,2026,Programmable kinetic barcoding for multiplexed RNA detection with Cas13a.,HPMI,Melanie Ott,explicit cross-virus/shared-host full-text language: multiple viruses,cached_normalized,8519
pmid-21483486,21483486,pi-backlog,2011,Dissection of the influenza A virus endocytic routes reveals macropinocytosis as an alternative entry pathway.,SYBIL,Adolfo Garcia-Sastre,"viral context plus mechanism-rich title/abstract: influenza, virus, influenza, pathway, pathways",normalized,8443
pmid-34937051,34937051,current-program,2022,Local and systemic responses to SARS-CoV-2 infection in children and adults.,SCRIPT,Richard Wunderink,"viral context plus mechanism-rich title/abstract: sars-cov-2, sars, covid-19, viral, sars-cov-2, sars",normalized,8342
pmid-32287326,32287326,pi-backlog,2020,Characterizing Emerging Canine H3 Influenza Viruses.,SYBIL,Adolfo Garcia-Sastre,"virus-focused title/abstract plus weaker cross-virus framing in body: species barriers, influenza, network",normalized,8336
pmid-39868236,39868236,current-program,2025,Tissue-resident skeletal muscle macrophages promote recovery from viral pneumonia-induced sarcopenia in normal aging.,CViSB,Donald S Grant,"viral context plus mechanism-rich title/abstract: influenza, covid-19, viral, influenza, covid-19, interaction",cached_normalized,8316
pmid-41384839,41384839,current-program,2026,Maternal proteome profiling reveals dynamic gestational age-specific responses to de novo vaccination.,,,"viral context plus mechanism-rich title/abstract: coronavirus, covid-19, virus, coronavirus, covid-19, pathway",cached_normalized,8245
pmid-31375585,31375585,pi-backlog,2019,Innate Immune Response to Influenza Virus at Single-Cell Resolution in Human Epithelial Cells Revealed Paracrine Induction of Interferon Lambda 1.,SYBIL,Adolfo Garcia-Sastre,explicit cross-virus/shared-host full-text language: multiple viruses,normalized,8184
pmid-41554267,41554267,pi-backlog,2026,"ALG-000184 (pevifoscorvir sodium) monotherapy in participants with chronic HBV infection: a phase 1, multicentre, randomised, dose escalation trial.",SYBIL,Sumit Chanda,"viral context plus mechanism-rich title/abstract: hepatitis b virus, hbv, virus, viral, hepatitis b virus, hbv",cached_normalized,8133
pmid-33730579,33730579,pi-backlog,2021,A genome-wide CRISPR screen identifies UFMylation and TRAMP-like complexes as host factors required for hepatitis A virus infection.,HPMI,Melanie Ott,explicit cross-virus/shared-host full-text language: shared host,normalized,8099
pmid-37000623,37000623,current-program,2023,Fc-mediated pan-sarbecovirus protection after alphavirus vector vaccination.,CViSB,Ryan McNamara,explicit cross-virus/shared-host full-text language: cross-virus,normalized,8067
pmid-39464067,39464067,pi-backlog,2024,Identification and Targeting of Regulators of SARS-CoV-2-Host Interactions in the Airway Epithelium.,SYBIL,Adolfo Garcia-Sastre;Michael Schotsaert,"viral context plus mechanism-rich title/abstract: sars-cov-2, sars, virus, viral, sars-cov-2, sars",cached_normalized,8019
pmid-41646792,41646792,current-program,2026,Longitudinal clinical proteomics reveals pneumonia type-specific protein biomarkers and autoantibodies.,SCRIPT,Richard Wunderink,"viral context plus mechanism-rich title/abstract: influenza, sars-cov-2, sars, covid-19, viral, influenza",cached_normalized,7965
pmid-35337019,35337019,hpmi,2022,A BioID-Derived Proximity Interactome for SARS-CoV-2 Proteins.,HPMI,,"viral context plus mechanism-rich title/abstract: coronavirus, sars-cov-2, sars, covid-19, virus, viral",normalized,7939
pmid-21075352,21075352,pi-backlog,2010,Mouse STAT2 restricts early dengue virus replication.,SYBIL,Adolfo Garcia-Sastre,"viral context plus mechanism-rich title/abstract: dengue, virus, viral, dengue, pathway, replication",normalized,7849
pmid-39138384,39138384,current-program,2024,Distinctive evolution of alveolar T cell responses is associated with clinical outcomes in unvaccinated patients with SARS-CoV-2 pneumonia.,CViSB,Donald S Grant;Richard Wunderink,"viral context plus mechanism-rich title/abstract: sars-cov-2, sars, sars-cov-2, sars, pathway, pathways",cached_normalized,7840
pmid-38648902,38648902,pi-backlog,2024,The IRE1α-XBP1 arm of the unfolded protein response is a host factor activated in SARS-CoV-2 infection.,SYBIL,Adolfo Garcia-Sastre;Michael Schotsaert,"viral context plus mechanism-rich title/abstract: sars-cov-2, sars, viral, sars-cov-2, sars, host factor",cached_normalized,7838
pmid-32023470,32023470,pi-backlog,2020,OTUB1 Is a Key Regulator of RIG-I-Dependent Immune Signaling and Is Targeted for Proteasomal Degradation by Influenza A NS1.,SYBIL,Adolfo Garcia-Sastre,"viral context plus mechanism-rich title/abstract: influenza, virus, viral, influenza, pathway, pathways",normalized,7821
pmid-41034576,41034576,hpmi,2025,A miniature CRISPR-Cas10 enzyme confers immunity by inhibitory signalling.,HPMI,,"viral context plus mechanism-rich title/abstract: virus, viral, pathway, pathways, crispr, immune evasion",cached_normalized,7779
pmid-31921042,31921042,pi-backlog,2019,"Functional Characterization and Direct Comparison of Influenza A, B, C, and D NS1 Proteins in vitro and in vivo.",SYBIL,Adolfo Garcia-Sastre,"viral context plus mechanism-rich title/abstract: influenza, virus, viral, influenza, host factor, host factors",normalized,7688
pmid-34127972,34127972,hpmi,2021,Evolution of enhanced innate immune evasion by the SARS-CoV-2 B.1.1.7 UK variant.,HPMI,,"viral context plus mechanism-rich title/abstract: sars-cov-2, sars, viral, sars-cov-2, sars, interaction",normalized,7650
pmid-39652575,39652575,pi-backlog,2025,HBV Remodels PP2A Complexes to Rewire Kinase Signaling in Hepatocellular Carcinoma.,HPMI,Trey Ideker,"viral context plus mechanism-rich title/abstract: hepatitis b virus, hbv, virus, hepatitis b virus, hbv, host factor",cached_normalized,7627
pmid-35325204,35325204,current-program,2022,Selection Analysis Identifies Clusters of Unusual Mutational Changes in Omicron Lineage BA.1 That Likely Impact Spike Function.,,,"viral context plus mechanism-rich title/abstract: sars-cov-2, sars, virus, sars-cov-2, sars, interaction",normalized,7605
pmid-20617177,20617177,pi-backlog,2010,Adaptation of hepatitis C virus to mouse CD81 permits infection of mouse cells in the absence of human entry factors.,HPMI,Melanie Ott,"viral context plus mechanism-rich title/abstract: hcv, hepatitis c virus, virus, host factor, host factors, interaction",normalized,7533
pmid-42409264,42409264,pi-backlog,2026,Substrate and target selectivity of 4'-fluoroadenosine against viral and host polymerases.,SYBIL,Sumit Chanda,"virus-focused title/abstract plus weaker cross-virus framing in body: broad-spectrum, coronavirus, interaction, interactions",cached_normalized,7526
pmid-32415096,32415096,pi-backlog,2020,mRNA display with library of even-distribution reveals cellular interactors of influenza virus NS1.,SYBIL,Sumit Chanda,"viral context plus mechanism-rich title/abstract: influenza, virus, influenza, interaction, interactions, protein interaction",normalized,7514
pmid-32353859,32353859,hpmi,2020,A SARS-CoV-2 protein interaction map reveals targets for drug repurposing.,HPMI,,"explicit cross-virus/shared-host full-text language: multiple viruses, pan-viral",normalized,7488
pmid-32720752,32720752,current-program,2020,Impaired phagocytic function in CX3CR1(+) tissue-resident skeletal muscle macrophages prevents muscle recovery after influenza A virus-induced pneumonia in old mice.,,,"viral context plus mechanism-rich title/abstract: influenza, virus, influenza, pathway, pathways, macrophage",normalized,7362
pmid-35417684,35417684,hpmi,2022,Global post-translational modification profiling of HIV-1-infected cells reveals mechanisms of host cellular pathway remodeling.,HPMI,,"viral context plus mechanism-rich title/abstract: hiv, virus, hiv, pathway, pathways, proteomics",normalized,7334
pmid-34981043,34981043,current-program,2021,Context-specific emergence and growth of the SARS-CoV-2 Delta variant.,,,"viral context plus mechanism-rich title/abstract: sars-cov-2, sars, covid-19, virus, sars-cov-2, sars",normalized,7272
pmid-21852950,21852950,pi-backlog,2011,Differential contribution of PB1-F2 to the virulence of highly pathogenic H5N1 influenza A virus in mammalian and avian species.,SYBIL,Adolfo Garcia-Sastre,"virus-focused title/abstract plus weaker cross-virus framing in body: species barriers, influenza, h5n1, replication",normalized,7210
pmid-34981069,34981069,current-program,2021,Context-specific emergence and growth of the SARS-CoV-2 Delta variant.,,,"viral context plus mechanism-rich title/abstract: sars-cov-2, sars, covid-19, virus, sars-cov-2, sars",normalized,7175
pmid-34129317,34129317,pi-backlog,2021,Screening a Library of FDA-Approved and Bioactive Compounds for Antiviral Activity against SARS-CoV-2.,HPMI,Melanie Ott,"viral context plus mechanism-rich title/abstract: coronavirus, sars-cov-2, sars, covid-19, virus, viral",normalized,7102
pmid-32240278,32240278,pi-backlog,2020,Chemical intervention of influenza virus mRNA nuclear export.,SYBIL,Adolfo Garcia-Sastre,"viral context plus mechanism-rich title/abstract: influenza, virus, viral, influenza, pathway, screen",normalized,7064
pmid-24586175,24586175,pi-backlog,2014,Human genome-wide RNAi screen identifies an essential role for inositol pyrophosphates in Type-I interferon response.,SYBIL,Adolfo Garcia-Sastre,"viral context plus mechanism-rich title/abstract: influenza, virus, viral, influenza, pathway, screen",normalized,7030
pmid-38045338,38045338,hpmi,2023,Assembly reactions of SARS-CoV-2 nucleocapsid protein with nucleic acid.,HPMI,,"viral context plus mechanism-rich title/abstract: sars-cov-2, sars, viral, sars-cov-2, sars, interaction",cached_normalized,7025
pmid-39580801,39580801,pi-backlog,2024,TRIM65 regulates innate immune signaling by enhancing K6-linked ubiquitination of IRF3 and its chromatin recruitment.,SYBIL,Adolfo Garcia-Sastre,"viral context plus mechanism-rich title/abstract: viral, pathway, pathways, interaction",cached_normalized,6992
pmid-33429418,33429418,current-program,2021,Circuits between infected macrophages and T cells in SARS-CoV-2 pneumonia.,CViSB,Donald S Grant;Richard Wunderink,"viral context plus mechanism-rich title/abstract: coronavirus, sars-cov-2, sars, covid-19, virus, coronavirus",normalized,6985
pmid-29370303,29370303,pi-backlog,2018,MERS-CoV 4b protein interferes with the NF-κB-dependent innate immune response during infection.,SYBIL,Adolfo Garcia-Sastre,"viral context plus mechanism-rich title/abstract: coronavirus, virus, viral, coronavirus, pathway, pathways",normalized,6857
pmid-38306481,38306481,pi-backlog,2024,Viral afterlife: SARS-CoV-2 as a reservoir of immunomimetic peptides that reassemble into proinflammatory supramolecular complexes.,UCLA-Persistent-BSI,Michael Yeaman,"viral context plus mechanism-rich title/abstract: coronavirus, sars-cov-2, sars, covid-19, virus, viral",cached_normalized,6836
pmid-41459948,41459948,pi-backlog,2026,Disease modulation by TIV vaccination during secondary pneumococcal infections in influenza-infected mice.,SYBIL,Michael Schotsaert,"viral context plus mechanism-rich title/abstract: influenza, h1n1, virus, viral, influenza, host response",cached_normalized,6825
pmid-39187718,39187718,hpmi,2024,Birth of protein folds and functions in the virome.,HPMI,,"viral context plus mechanism-rich title/abstract: virus, viral, interaction, interactions, immune evasion, replication",cached_normalized,6818
pmid-27783955,27783955,pi-backlog,2016,A Cas9 Ribonucleoprotein Platform for Functional Genetic Studies of HIV-Host Interactions in Primary Human T Cells.,HPMI,Jennifer Doudna,"viral context plus mechanism-rich title/abstract: hiv, viral, hiv, host factor, host factors, interaction",normalized,6695
pmid-38643200,38643200,current-program,2024,Deviations in RSV epidemiological patterns and population structures in the United States following the COVID-19 pandemic.,,,explicit cross-virus/shared-host full-text language: pan-viral,cached_normalized,6677
pmid-30209081,30209081,pi-backlog,2018,Multiple Routes to Oncogenesis Are Promoted by the Human Papillomavirus-Host Protein Network.,HPMI,Trey Ideker,"viral context plus mechanism-rich title/abstract: virus, viral, pathway, interaction, interactions, protein interaction",normalized,6676
pmid-35982664,35982664,hpmi,2022,NF-κB inhibitor alpha has a cross-variant role during SARS-CoV-2 infection in ACE2-overexpressing human airway organoids.,HPMI,,"viral context plus mechanism-rich title/abstract: sars-cov-2, sars, viral, sars-cov-2, sars, replication",normalized,6548
pmid-39089348,39089348,pi-backlog,2024,Patient subtyping analysis of baseline multi-omic data reveals distinct pre-immune states associated with antibody response to seasonal influenza vaccination.,SYBIL,Adolfo Garcia-Sastre,"viral context plus mechanism-rich title/abstract: influenza, influenza, proteomics, transcriptomics",cached_normalized,6420
pmid-23593007,23593007,pi-backlog,2013,Lipid droplet-binding protein TIP47 regulates hepatitis C Virus RNA replication through interaction with the viral NS5A protein.,HPMI,Melanie Ott,"viral context plus mechanism-rich title/abstract: hcv, hepatitis c virus, virus, viral, interaction, screen",normalized,6370
pmid-34031651,34031651,hpmi,2021,"CryoEM and AI reveal a structure of SARS-CoV-2 Nsp2, a multifunctional protein involved in key host processes.",HPMI,,"viral context plus mechanism-rich title/abstract: coronavirus, sars-cov-2, sars, virus, viral, coronavirus",normalized,6361
pmid-34013269,34013269,hpmi,2021,"CryoEM and AI reveal a structure of SARS-CoV-2 Nsp2, a multifunctional protein involved in key host processes.",HPMI,,"viral context plus mechanism-rich title/abstract: coronavirus, sars-cov-2, sars, virus, viral, coronavirus",normalized,6361
pmid-34225493,34225493,pi-backlog,2021,Expression of the Ebola Virus VP24 Protein Compromises the Integrity of the Nuclear Envelope and Induces a Laminopathy-Like Cellular Phenotype.,SYBIL,Adolfo Garcia-Sastre,"viral context plus mechanism-rich title/abstract: ebola, virus, viral, ebola, pathway, pathways",normalized,6327
pmid-38168164,38168164,current-program,2023,Altered RSV Epidemiology and Genetic Diversity Following the COVID-19 Pandemic.,,,explicit cross-virus/shared-host full-text language: pan-viral,cached_normalized,6304
pmid-35291294,35291294,pi-backlog,2022,Low expression of EXOSC2 protects against clinical COVID-19 and impedes SARS-CoV-2 replication.,HPMI,Nevan Krogan,"viral context plus mechanism-rich title/abstract: sars-cov-2, sars, covid-19, virus, viral, sars-cov-2",normalized,6265
pmid-23825951,23825951,pi-backlog,2013,Cellular RNA binding proteins NS1-BP and hnRNP K regulate influenza A virus RNA splicing.,SYBIL,Adolfo Garcia-Sastre,"viral context plus mechanism-rich title/abstract: influenza, virus, viral, influenza, proteomics, replication",normalized,6225
pmid-30833725,30833725,hpmi,2019,Identification of antiviral roles for the exon-junction complex and nonsense-mediated decay in flaviviral infection.,HPMI,,"viral context plus mechanism-rich title/abstract: dengue, zika, flavivirus, virus, viral, dengue",normalized,6196
pmid-29391557,29391557,pi-backlog,2018,SMARCA2-regulated host cell factors are required for MxA restriction of influenza A viruses.,SYBIL,Adolfo Garcia-Sastre,"viral context plus mechanism-rich title/abstract: influenza, h5n1, virus, viral, influenza, screen",normalized,6172
pmid-31851929,31851929,pi-backlog,2019,Viral Fitness Landscapes in Diverse Host Species Reveal Multiple Evolutionary Lines for the NS1 Gene of Influenza A Viruses.,SYBIL,Adolfo Garcia-Sastre,explicit cross-virus/shared-host full-text language: conserved host,normalized,6120
pmid-42067193,42067193,pi-backlog,2026,Repurposing drug screen for the identification of helicase inhibitors from viruses of pandemic concern.,HPMI,Melanie Ott,"explicit cross-virus/shared-host full-text language: multiple viruses, pan-viral",cached_normalized,6002
pmid-40579228,40579228,hpmi,2025,Inference of differential kinase interaction networks with KINference.,HPMI,,"viral context plus mechanism-rich title/abstract: sars-cov-2, sars, virus, sars-cov-2, sars, pathway",cached_normalized,5981
pmid-39026801,39026801,pi-backlog,2024,Global siRNA Screen Reveals Critical Human Host Factors of SARS-CoV-2 Multicycle Replication.,SYBIL;HPMI,Adolfo Garcia-Sastre;Trey Ideker,"viral context plus mechanism-rich title/abstract: coronavirus, sars-cov-2, sars, virus, viral, coronavirus",cached_normalized,5967
pmid-34512601,34512601,pi-backlog,2021,African Swine Fever Virus Induces STAT1 and STAT2 Degradation to Counteract IFN-I Signaling.,SYBIL,Adolfo Garcia-Sastre,"viral context plus mechanism-rich title/abstract: virus, viral, pathway, replication",normalized,5904
pmid-18003608,18003608,pi-backlog,2008,2'-deoxy-4'-azido nucleoside analogs are highly potent inhibitors of hepatitis C virus replication despite the lack of 2'-alpha-hydroxyl groups.,SYBIL,Sumit Chanda,"viral context plus mechanism-rich title/abstract: hcv, hepatitis c virus, virus, viral, interaction, replication",normalized,5821
pmid-32511329,32511329,hpmi,2020,A SARS-CoV-2-Human Protein-Protein Interaction Map Reveals Drug Targets and Potential Drug-Repurposing.,HPMI,,"explicit cross-virus/shared-host full-text language: multiple viruses, conserved host",normalized,5820
pmid-26329395,26329395,pi-backlog,2015,Manipulation of the host protein acetylation network by human immunodeficiency virus type 1.,HPMI,Melanie Ott,explicit cross-virus/shared-host full-text language: conserved host,normalized,5804
pmid-26845514,26845514,pi-backlog,2016,Therapeutics Targeting Protein Acetylation Perturb Latency of Human Viruses.,HPMI,Melanie Ott,"viral context plus mechanism-rich title/abstract: hiv, virus, viral, hiv, pathway, pathways",normalized,5760
pmid-35867415,35867415,pi-backlog,2022,Proteomic Identification of Potential Target Proteins of Cathepsin W for Its Development as a Drug Target for Influenza.,SYBIL,Adolfo Garcia-Sastre,"viral context plus mechanism-rich title/abstract: influenza, virus, viral, influenza, host factor, host factors",normalized,5757
pmid-38768348,38768348,pi-backlog,2024,Inhibition of mRNA nuclear export promotes SARS-CoV-2 pathogenesis.,SYBIL,Adolfo Garcia-Sastre,"viral context plus mechanism-rich title/abstract: coronavirus, sars-cov-2, sars, virus, viral, coronavirus",cached_normalized,5756
pmid-21464929,21464929,pi-backlog,2011,A transient homotypic interaction model for the influenza A virus NS1 protein effector domain.,SYBIL,Adolfo Garcia-Sastre,"viral context plus mechanism-rich title/abstract: influenza, virus, influenza, host factor, host factors, interaction",normalized,5748
pmid-32995787,32995787,hpmi,2020,Functional genomic screens identify human host factors for SARS-CoV-2 and common cold coronaviruses.,HPMI,,explicit cross-virus/shared-host full-text language: multiple viruses,normalized,5696
pmid-33427208,33427208,current-program,2021,Dissecting strategies to tune the therapeutic potential of SARS-CoV-2-specific monoclonal antibody CR3022.,UCLA-Persistent-BSI,Melissa Johnson,"viral context plus mechanism-rich title/abstract: coronavirus, sars-cov-2, sars, virus, viral, coronavirus",normalized,5689
pmid-25616068,25616068,pi-backlog,2015,A combined proteomics/genomics approach links hepatitis C virus infection with nonsense-mediated mRNA decay.,HPMI,Melanie Ott,explicit cross-virus/shared-host full-text language: multiple viruses,normalized,5607
pmid-21876670,21876670,pi-backlog,2011,Activation of HIV transcription by the viral Tat protein requires a demethylation step mediated by lysine-specific demethylase 1 (LSD1/KDM1).,HPMI,Melanie Ott,"viral context plus mechanism-rich title/abstract: hiv, viral, hiv, interaction, interactions",normalized,5605
pmid-24237697,24237697,pi-backlog,2013,Type I interferon imposes a TSG101/ISG15 checkpoint at the Golgi for glycoprotein trafficking during influenza virus infection.,SYBIL,Adolfo Garcia-Sastre,"viral context plus mechanism-rich title/abstract: influenza, virus, influenza, pathway, pathways, crispr",normalized,5541
pmid-19521506,19521506,pi-backlog,2009,Influenza B virus ribonucleoprotein is a potent activator of the antiviral kinase PKR.,SYBIL,Adolfo Garcia-Sastre,"viral context plus mechanism-rich title/abstract: influenza, virus, viral, influenza, interaction, replication",normalized,5522
pmid-34731594,34731594,current-program,2022,Age-related Differences in the Nasal Mucosal Immune Response to SARS-CoV-2.,,,"viral context plus mechanism-rich title/abstract: influenza, coronavirus, sars-cov-2, sars, rsv, virus",normalized,5512
pmid-37901225,37901225,current-program,2023,Hypercapnia increases ACE2 expression and pseudo-SARS-CoV-2 entry in bronchial epithelial cells by augmenting cellular cholesterol.,,,"viral context plus mechanism-rich title/abstract: influenza, coronavirus, sars-cov-2, sars, virus, viral",cached_normalized,5354
pmid-32092305,32092305,pi-backlog,2020,Influenza virus NS1- C/EBPβ gene regulatory complex inhibits RIG-I transcription.,SYBIL,Adolfo Garcia-Sastre,"viral context plus mechanism-rich title/abstract: influenza, virus, viral, influenza, interaction, epithelial",normalized,5296
pmid-33979618,33979618,hpmi,2021,Efficient generation of isogenic primary human myeloid cells using CRISPR-Cas9 ribonucleoproteins.,HPMI,,"viral context plus mechanism-rich title/abstract: hiv, hiv, interaction, interactions, crispr, restriction factor",normalized,5278
pmid-18854154,18854154,pi-backlog,2008,Global analysis of host-pathogen interactions that regulate early-stage HIV-1 replication.,HPMI,Trey Ideker,"viral context plus mechanism-rich title/abstract: hiv, virus, viral, hiv, interaction, interactions",normalized,5261
pmid-42454370,42454370,pi-backlog,2026,A potential RNA-RNA distal interaction competing with a functional pseudoknot in the 3'-untranslated region of SARS-like coronaviruses.,SYBIL,Adolfo Garcia-Sastre,"viral context plus mechanism-rich title/abstract: coronavirus, sars-cov-2, sars, virus, viral, coronavirus",cached_normalized,5226
pmid-27978436,27978436,pi-backlog,2016,The mTOR Complex Controls HIV Latency.,HPMI,Melanie Ott,"viral context plus mechanism-rich title/abstract: hiv, viral, hiv, pathway, screen",normalized,5211
pmid-33676971,33676971,pi-backlog,2021,Intestinal Host Response to SARS-CoV-2 Infection and COVID-19 Outcomes in Patients With Gastrointestinal Symptoms.,SYBIL,Adolfo Garcia-Sastre,"viral context plus mechanism-rich title/abstract: sars-cov-2, sars, covid-19, viral, sars-cov-2, sars",normalized,5178
pmid-41676649,41676649,hpmi,2026,Regulation of virion production by the ORF8 signal peptide across SARS-CoV-2 variants.,HPMI,,"virus-focused title/abstract plus weaker cross-virus framing in body: host adaptation, sars-cov-2, sars, immune evasion",cached_normalized,5166
pmid-25211074,25211074,pi-backlog,2014,The interferon signaling antagonist function of yellow fever virus NS5 protein is activated by type I interferon.,SYBIL,Adolfo Garcia-Sastre,"viral context plus mechanism-rich title/abstract: yellow fever virus, flavivirus, virus, viral, yellow fever virus, pathway",normalized,5057
pmid-39384042,39384042,pi-backlog,2024,Cellular NS1-BP protein interacts with the mRNA export receptor NXF1 to mediate nuclear export of influenza virus M mRNAs.,SYBIL,Adolfo Garcia-Sastre,"viral context plus mechanism-rich title/abstract: influenza, virus, viral, influenza, pathway, interaction",cached_normalized,5056
pmid-27116236,27116236,pi-backlog,2016,Antiviral Role of IFITM Proteins in African Swine Fever Virus Infection.,SYBIL,Adolfo Garcia-Sastre,"viral context plus mechanism-rich title/abstract: virus, viral, pathway, restriction factor",normalized,4993
pmid-26651948,26651948,pi-backlog,2015,"Meta- and Orthogonal Integration of Influenza ""OMICs"" Data Defines a Role for UBR4 in Virus Budding.",SYBIL;HPMI,Adolfo Garcia-Sastre;Nevan Krogan,"viral context plus mechanism-rich title/abstract: influenza, virus, viral, influenza, interaction, interactions",normalized,4986
pmid-34981044,34981044,pi-backlog,2021,The SARS-CoV-2 B.1.1.529 Omicron virus causes attenuated infection and disease in mice and hamsters.,SYBIL,Adolfo Garcia-Sastre;Michael Schotsaert,"virus-focused title/abstract plus weaker cross-virus framing in body: host adaptation, sars-cov-2, sars, network",normalized,4963
pmid-38301954,38301954,current-program,2024,Activity and inhibition of the SARS-CoV-2 Omicron nsp13 R392C variant using RNA duplex unwinding assays.,,,"viral context plus mechanism-rich title/abstract: sars-cov-2, sars, viral, sars-cov-2, sars, screen",cached_normalized,4910
pmid-20140189,20140189,pi-backlog,2010,The overlap of small molecule and protein binding sites within families of protein structures.,HPMI,Andrej Sali,"viral context plus mechanism-rich title/abstract: hiv, hiv, pathway, pathways, interaction, interactions",normalized,4794
pmid-21909097,21909097,pi-backlog,2011,Chemical inhibition of RNA viruses reveals REDD1 as a host defense factor.,SYBIL,Adolfo Garcia-Sastre,"viral context plus mechanism-rich title/abstract: influenza, virus, viral, influenza, pathway, screen",normalized,4757
pmid-40025722,40025722,hpmi,2025,Affinity Purification Mass Spectrometry on the Orbitrap-Astral Mass Spectrometer Enables High-Throughput Protein-Protein Interaction Mapping.,HPMI,,"viral context plus mechanism-rich title/abstract: viral, interaction, protein interaction, proteomics, network",cached_normalized,4640
pmid-26789921,26789921,pi-backlog,2016,"Targeting Viral Proteostasis Limits Influenza Virus, HIV, and Dengue Virus Infection.",SYBIL,Adolfo Garcia-Sastre,"explicit cross-virus/shared-host full-text language: multiple viruses, pan-viral",normalized,4587
pmid-20610653,20610653,pi-backlog,2010,NF-kappa B RelA subunit is crucial for early IFN-beta expression and resistance to RNA virus replication.,SYBIL,Adolfo Garcia-Sastre,"viral context plus mechanism-rich title/abstract: virus, host response, pathway, pathways, replication",normalized,4455
pmid-32747391,32747391,current-program,2020,Pathogenesis of COVID-19-induced ARDS: implications for an ageing population.,,,"viral context plus mechanism-rich title/abstract: influenza, coronavirus, sars-cov-2, sars, covid-19, virus",normalized,4443
pmid-36827975,36827975,pi-backlog,2023,"SARS-CoV-2 infection of airway organoids reveals conserved use of Tetraspanin-8 by Ancestral, Delta, and Omicron variants.",HPMI,Melanie Ott,explicit cross-virus/shared-host full-text language: multiple viruses,cached_normalized,4296
pmid-35186917,35186917,pi-backlog,2022,Profiling Selective Packaging of Host RNA and Viral RNA Modification in SARS-CoV-2 Viral Preparations.,SYBIL,Adolfo Garcia-Sastre,"viral context plus mechanism-rich title/abstract: sars-cov-2, sars, virus, viral, sars-cov-2, sars",normalized,4285
pmid-23145065,23145065,pi-backlog,2012,Identification of small molecules with type I interferon inducing properties by high-throughput screening.,SYBIL,Adolfo Garcia-Sastre,"virus-focused title/abstract plus weaker cross-virus framing in body: broad-spectrum, influenza, hepatitis c virus, screen, epithelial",normalized,4219
pmid-29786110,29786110,current-program,2018,"Multi‑layered prevention and treatment of chronic inflammation, organ fibrosis and cancer associated with canonical WNT/β‑catenin signaling activation (Review).",,,"viral context plus mechanism-rich title/abstract: hcv, hepatitis c virus, virus, interaction, interactions, protein interaction",normalized,4204
pmid-21846828,21846828,pi-backlog,2011,Host- and strain-specific regulation of influenza virus polymerase activity by interacting cellular proteins.,SYBIL,Adolfo Garcia-Sastre,"virus-focused title/abstract plus weaker cross-virus framing in body: host adaptation, influenza, h1n1, h5n1, interaction, interactions",normalized,4132
pmid-30401782,30401782,pi-backlog,2018,The Cellular NMD Pathway Restricts Zika Virus Infection and Is Targeted by the Viral Capsid Protein.,HPMI,Melanie Ott,"viral context plus mechanism-rich title/abstract: zika, virus, viral, zika, pathway, interaction",normalized,4114
pmid-34519533,34519533,hpmi,2021,Target Discovery for Host-Directed Antiviral Therapies: Application of Proteomics Approaches.,HPMI,,"explicit cross-virus/shared-host full-text language: cross virus, multiple viruses, shared host, pan-viral",normalized,3962
pmid-32553580,32553580,pi-backlog,2021,An 'Arms Race' between the Nonsense-mediated mRNA Decay Pathway and Viral Infections.,HPMI,Melanie Ott,"viral context plus mechanism-rich title/abstract: viral, pathway, interaction, interactions",normalized,3897
pmid-24817247,24817247,pi-backlog,2014,An integrated map of HIV-human protein complexes that facilitate viral infection.,HPMI,Trey Ideker,"viral context plus mechanism-rich title/abstract: hiv, viral, hiv, interaction, interactions, screen",normalized,3777
pmid-35967877,35967877,pi-backlog,2022,eIF5A is activated by virus infection or dsRNA and facilitates virus replication through modulation of interferon production.,SYBIL,Adolfo Garcia-Sastre,"virus-focused title/abstract plus weaker cross-virus framing in body: broad-spectrum, influenza, zika, replication, macrophage",normalized,3756
pmid-37252360,37252360,current-program,2023,Lectin Fingerprinting Distinguishes Antibody Neutralization in SARS-CoV-2.,SCRIPT,Alan Hauser,"viral context plus mechanism-rich title/abstract: sars-cov-2, sars, virus, viral, sars-cov-2, sars",normalized,3645
pmid-38375062,38375062,pi-backlog,2024,Upper Airway Epithelial Tissue Transcriptome Analysis Reveals Immune Signatures Associated with COVID-19 Severity in Ghanaians.,CViSB,Donald S Grant,"viral context plus mechanism-rich title/abstract: coronavirus, sars-cov-2, sars, covid-19, virus, viral",cached_normalized,3630
pmid-17703413,17703413,pi-backlog,2007,alpha-Defensin inhibits influenza virus replication by cell-mediated mechanism(s).,SYBIL,Adolfo Garcia-Sastre,"viral context plus mechanism-rich title/abstract: influenza, virus, viral, influenza, host response, pathway",normalized,3620
pmid-32822681,32822681,pi-backlog,2020,A novel SUMOylation site in the influenza a virus NS1 protein identified with a highly sensitive FRET assay.,SYBIL,Adolfo Garcia-Sastre,"virus-focused title/abstract plus weaker cross-virus framing in body: species barriers, influenza, h1n1, interaction, replication",normalized,3482
pmid-35899968,35899968,current-program,2022,De novo emergence of SARS-CoV-2 spike mutations in immunosuppressed patients.,,,"viral context plus mechanism-rich title/abstract: coronavirus, sars-cov-2, sars, virus, viral, coronavirus",normalized,3326
pmid-26038505,26038505,pi-backlog,2014,Identification of 53 compounds that block Ebola virus-like particle entry via a repurposing screen of approved drugs.,SYBIL,Adolfo Garcia-Sastre,"viral context plus mechanism-rich title/abstract: ebola, virus, ebola, screen, replication",normalized,2985
pmid-32817938,32817938,pi-backlog,2020,An ultra-potent synthetic nanobody neutralizes SARS-CoV-2 by locking Spike into an inactive conformation.,SYBIL;HPMI,Adolfo Garcia-Sastre;Melanie Ott,"viral context plus mechanism-rich title/abstract: sars-cov-2, sars, viral, sars-cov-2, sars, interaction",normalized,2855
pmid-24284630,24284630,pi-backlog,2014,Pan-viral specificity of IFN-induced genes reveals new roles for cGAS in innate immunity.,SYBIL,Adolfo Garcia-Sastre,explicit cross-virus/shared-host full-text language: pan-viral,normalized,2516
pmid-32550242,32550242,current-program,2020,SARS-CoV-2 Entry Genes Are Most Highly Expressed in Nasal Goblet and Ciliated Cells within Human Airways.,,,"viral context plus mechanism-rich title/abstract: coronavirus, sars-cov-2, sars, covid-19, virus, viral",normalized,2506
pmid-28869005,28869005,pi-backlog,2017,Human interactome of the influenza B virus NS1 protein.,SYBIL,Adolfo Garcia-Sastre,"viral context plus mechanism-rich title/abstract: influenza, virus, influenza, interactome, replication",normalized,2396
pmid-17965094,17965094,pi-backlog,2008,BioHealthBase: informatics support in the elucidation of influenza virus host pathogen interactions and virulence.,SYBIL,Adolfo Garcia-Sastre,"viral context plus mechanism-rich title/abstract: influenza, virus, influenza, pathway, interaction, interactions",normalized,2363
pmid-33501437,33501437,hpmi,2021,Host-directed therapies against early-lineage SARS-CoV-2 retain efficacy against B.1.1.7 variant.,HPMI,,"virus-focused title/abstract plus weaker cross-virus framing in body: broad-spectrum, coronavirus, sars-cov-2, sars, covid-19, epithelial",normalized,2320
pmid-33243278,33243278,current-program,2020,Elevated L-threonine is a biomarker for Lassa fever and Ebola.,CViSB,Robert Garry;Donald S Grant,"viral context plus mechanism-rich title/abstract: ebola, virus, viral, ebola, pathway, pathways",normalized,2102
pmid-35985635,35985635,pi-backlog,2022,Catching BETs by viruses.,HPMI,Melanie Ott,"viral context plus mechanism-rich title/abstract: sars-cov-2, sars, virus, viral, sars-cov-2, sars",normalized,346
pmid-20027183,20027183,pi-backlog,2010,Human host factors required for influenza virus replication.,SYBIL;HPMI,Adolfo Garcia-Sastre;Trey Ideker,"viral context plus mechanism-rich title/abstract: influenza, h1n1, virus, viral, influenza, host factor",normalized,301
pmid-26153856,26153856,pi-backlog,2015,Corrigendum: Pan-viral specificity of IFN-induced genes reveals new roles for cGAS in innate immunity.,SYBIL,Adolfo Garcia-Sastre,"explicit cross-virus/shared-host full-text language: multiple viruses, pan-viral",normalized,145
pmid-22190037,22190037,pi-backlog,2011,Vif hijacks CBF-β to degrade APOBEC3G and promote HIV-1 infection.,HPMI,Andrej Sali,"viral context plus mechanism-rich title/abstract: hiv, virus, viral, hiv, interaction, restriction factor",normalized,129
pmid-37025664,37025664,pi-backlog,2023,A covalent inhibitor targeting the papain-like protease from SARS-CoV-2 inhibits viral replication.,HPMI,Melanie Ott,"viral context plus mechanism-rich title/abstract: sars-cov-2, sars, viral, sars-cov-2, sars, screen",cached_normalized,41
pmid-42244653,42244653,pi-backlog,2026,Substrate and target selectivity of 4'-fluoroadenosine against viral and host polymerases.,SYBIL,Sumit Chanda,"virus-focused title/abstract plus weaker cross-virus framing in body: broad-spectrum, coronavirus, sars-cov-2, sars, interaction, interactions",cached_normalized,0
pmid-41279668,41279668,pi-backlog,2025,Disease modulation by TIV vaccination during secondary pneumococcal infections in influenza-infected mice.,SYBIL,Michael Schotsaert,"viral context plus mechanism-rich title/abstract: influenza, h1n1, virus, viral, influenza, host response",cached_normalized,0
pmid-41142120,41142120,pi-backlog,2025,Integrative multi-omics analysis in vivo identifies influenza virus host factors.,SYBIL,Adolfo Garcia-Sastre,"viral context plus mechanism-rich title/abstract: influenza, h1n1, h5n1, virus, viral, influenza",cached_normalized,0
pmid-41141506,41141506,pi-backlog,2025,Liquid Biopsy-Multiomics Link Adhesion Pathway Dysregulation to Kidney Injury Severity.,SYBIL,Adolfo Garcia-Sastre,"viral context plus mechanism-rich title/abstract: sars-cov-2, sars, sars-cov-2, sars, pathway, pathways",cached_normalized,0
pmid-40909530,40909530,pi-backlog,2025,Single-Cell Network Analysis Identifies CLEC4E as a Key Mediator of Proinflammatory mDC Responses in Influenza Infection.,SYBIL,Adolfo Garcia-Sastre;Michael Schotsaert,"viral context plus mechanism-rich title/abstract: influenza, virus, viral, influenza, pathway, pathways",cached_normalized,0
pmid-40766693,40766693,pi-backlog,2025,Coronavirus protein interaction mapping in bat and human cells identifies molecular and genetic switches for immune evasion and replication.,SYBIL;HPMI,Adolfo Garcia-Sastre;Melanie Ott,"virus-focused title/abstract plus weaker cross-virus framing in body: host adaptation, coronavirus, sars-cov-2, sars, interaction, interactions",cached_normalized,0
pmid-40758871,40758871,pi-backlog,2025,Influenza A virus NS1 protein mimics oncogenic PI3K resulting in isoform specific cellular redistribution and activation.,SYBIL,Adolfo Garcia-Sastre,"viral context plus mechanism-rich title/abstract: influenza, virus, viral, influenza, interaction, interactions",cached_normalized,0
pmid-40687705,40687705,pi-backlog,2025,Baseline predictors for 28-day COVID-19 severity and mortality among hospitalized patients: results from the IMPACC study.,UCLA-Persistent-BSI,Elaine Reed,"viral context plus mechanism-rich title/abstract: coronavirus, sars-cov-2, sars, covid-19, virus, viral",cached_normalized,0
pmid-40627391,40627391,pi-backlog,2025,BIK polymorphism and proteasome regulation unveil host risk factor for severe influenza.,SYBIL,Adolfo Garcia-Sastre,"viral context plus mechanism-rich title/abstract: influenza, virus, viral, influenza, host factor, host factors",cached_normalized,0
pmid-40504864,40504864,pi-backlog,2025,Global siRNA screen identifies human host factors critical for SARS-CoV-2 replication and late stages of infection.,SYBIL;HPMI,Adolfo Garcia-Sastre;Trey Ideker,"viral context plus mechanism-rich title/abstract: coronavirus, sars-cov-2, sars, virus, viral, coronavirus",cached_normalized,0
pmid-40494346,40494346,pi-backlog,2025,Neuroendocrine cells orchestrate regeneration through Desert hedgehog signaling.,HPMI,Melanie Ott,"viral context plus mechanism-rich title/abstract: influenza, sars-cov-2, sars, influenza, sars-cov-2, sars",cached_normalized,0
pmid-40378209,40378209,pi-backlog,2025,Identification and targeting of regulators of SARS-CoV-2-host interactions in the airway epithelium.,SYBIL,Adolfo Garcia-Sastre;Michael Schotsaert,"viral context plus mechanism-rich title/abstract: sars-cov-2, sars, virus, viral, sars-cov-2, sars",cached_normalized,0
pmid-39975920,39975920,pi-backlog,2025,Muscle macrophage regenerative response after squalene-adjuvanted influenza vaccination drives Th2-skewed response and is reduced with age.,SYBIL,Michael Schotsaert,"viral context plus mechanism-rich title/abstract: influenza, virus, viral, influenza, host response, pathway",cached_normalized,0
pmid-38979204,38979204,pi-backlog,2024,Broad-spectrum RNA antiviral inspired by ISG15 (-/-) deficiency.,SYBIL,Adolfo Garcia-Sastre,"virus-focused title/abstract plus weaker cross-virus framing in body: broad-spectrum, influenza, sars-cov-2, sars, zika, replication",cached_normalized,0
pmid-38562892,38562892,pi-backlog,2024,Integrated multiomics implicates dysregulation of ECM and cell adhesion pathways as drivers of severe COVID-associated kidney injury.,SYBIL,Adolfo Garcia-Sastre,"viral context plus mechanism-rich title/abstract: sars-cov-2, sars, covid-19, sars-cov-2, sars, covid-19",cached_normalized,0
pmid-38328256,38328256,pi-backlog,2024,Patient Subtyping Analysis of Baseline Multi-omic Data Reveals Distinct Pre-immune States Predictive of Vaccination Responses.,SYBIL,Adolfo Garcia-Sastre,"viral context plus mechanism-rich title/abstract: influenza, influenza, proteomics, transcriptomics, network",cached_normalized,0
pmid-38587193,38587193,hpmi,2024,Assembly of SARS-CoV-2 nucleocapsid protein with nucleic acid.,HPMI,,"viral context plus mechanism-rich title/abstract: sars-cov-2, sars, viral, sars-cov-2, sars, interaction",cached_normalized,0
pmid-37804247,37804247,current-program,2024,The Third Annual Symposium of the Midwest Aging Consortium.,,,"viral context plus mechanism-rich title/abstract: virus, pathway, pathways",cached_normalized,0
pmid-36299428,36299428,pi-backlog,2022,Impact of SARS-CoV-2 ORF6 and its variant polymorphisms on host responses and viral pathogenesis.,SYBIL,Adolfo Garcia-Sastre,"viral context plus mechanism-rich title/abstract: sars-cov-2, sars, virus, viral, sars-cov-2, sars",normalized_empty_sections,0
pmid-32661015,32661015,pi-backlog,2021,Induction and Evasion of Type-I Interferon Responses during Influenza A Virus Infection.,SYBIL,Adolfo Garcia-Sastre,"viral context plus mechanism-rich title/abstract: influenza, virus, viral, influenza, pathway, immune evasion",normalized_empty_sections,0
pmid-33586677,33586677,current-program,2021,The lung microenvironment shapes a dysfunctional response of alveolar macrophages in aging.,,,"viral context plus mechanism-rich title/abstract: influenza, viral, influenza, macrophage, alveolar",normalized_empty_sections,0
pmid-32839770,32839770,pi-backlog,2020,SARS-CoV-2 ORF9c Is a Membrane-Associated Protein that Suppresses Antiviral Responses in Cells.,HPMI,Nevan Krogan,"viral context plus mechanism-rich title/abstract: coronavirus, sars-cov-2, sars, covid-19, virus, viral",normalized_empty_sections,0
pmid-32522852,32522852,pi-backlog,2020,A Genome-Wide CRISPR-Cas9 Screen Reveals the Requirement of Host Cell Sulfation for Schmallenberg Virus Infection.,SYBIL,Adolfo Garcia-Sastre,"viral context plus mechanism-rich title/abstract: virus, interaction, interactions, screen, crispr, dependency",normalized_empty_sections,0
pmid-32444466,32444466,hpmi,2020,The Landscape of Human Cancer Proteins Targeted by SARS-CoV-2.,HPMI,,"viral context plus mechanism-rich title/abstract: sars-cov-2, sars, covid-19, virus, sars-cov-2, sars",normalized_empty_sections,0
pmid-34013276,34013276,current-program,2020,Alveolitis in severe SARS-CoV-2 pneumonia is driven by self-sustaining circuits between infected alveolar macrophages and T cells.,CViSB,Donald S Grant;Richard Wunderink,"viral context plus mechanism-rich title/abstract: coronavirus, sars-cov-2, sars, covid-19, virus, coronavirus",normalized_empty_sections,0
pmid-31714898,31714898,current-program,2020,Linear ubiquitin assembly complex regulates lung epithelial-driven responses during influenza infection.,,,"viral context plus mechanism-rich title/abstract: influenza, virus, viral, influenza, host response, replication",normalized_empty_sections,0
pmid-31043530,31043530,pi-backlog,2019,Host-Specific NS5 Ubiquitination Determines Yellow Fever Virus Tropism.,SYBIL,Adolfo Garcia-Sastre,"viral context plus mechanism-rich title/abstract: dengue, zika, yellow fever virus, flavivirus, virus, viral",normalized_empty_sections,0
pmid-30463968,30463968,pi-backlog,2019,Packaging of the Influenza Virus Genome Is Governed by a Plastic Network of RNA- and Nucleoprotein-Mediated Interactions.,SYBIL,Adolfo Garcia-Sastre,"viral context plus mechanism-rich title/abstract: influenza, virus, viral, influenza, interaction, interactions",normalized_empty_sections,0
pmid-30538201,30538201,pi-backlog,2018,Structural-functional interactions of NS1-BP protein with the splicing and mRNA export machineries for viral and host gene expression.,SYBIL,Adolfo Garcia-Sastre,"viral context plus mechanism-rich title/abstract: influenza, virus, viral, influenza, interaction, interactions",normalized_empty_sections,0
pmid-30258002,30258002,pi-backlog,2018,Influenza Virus NS1 Protein-RNA Interactome Reveals Intron Targeting.,SYBIL,Adolfo Garcia-Sastre,"viral context plus mechanism-rich title/abstract: influenza, virus, viral, influenza, interaction, interactions",normalized_empty_sections,0
pmid-30111569,30111569,pi-backlog,2018,Transcriptome Analysis of Infected and Bystander Type 2 Alveolar Epithelial Cells during Influenza A Virus Infection Reveals In Vivo Wnt Pathway Downregulation.,SYBIL,Adolfo Garcia-Sastre,"viral context plus mechanism-rich title/abstract: influenza, virus, viral, influenza, pathway, pathways",normalized_empty_sections,0
pmid-29321315,29321315,pi-backlog,2018,Paramyxovirus V Proteins Interact with the RIG-I/TRIM25 Regulatory Complex and Inhibit RIG-I Signaling.,SYBIL,Adolfo Garcia-Sastre,"viral context plus mechanism-rich title/abstract: influenza, virus, viral, influenza, pathway, interaction",normalized_empty_sections,0
pmid-27807226,27807226,pi-backlog,2017,"Subcellular Localizations of RIG-I, TRIM25, and MAVS Complexes.",SYBIL,Adolfo Garcia-Sastre,"viral context plus mechanism-rich title/abstract: influenza, hepatitis c virus, virus, viral, influenza, pathway",normalized_empty_sections,0
pmid-26223644,26223644,pi-backlog,2015,RIG-I Mediates an Antiviral Response to Crimean-Congo Hemorrhagic Fever Virus.,SYBIL,Adolfo Garcia-Sastre,"viral context plus mechanism-rich title/abstract: virus, viral, pathway, replication",normalized_empty_sections,0
pmid-26178989,26178989,pi-backlog,2015,HIV Vpu Interferes with NF-κB Activity but Not with Interferon Regulatory Factor 3.,SYBIL,Adolfo Garcia-Sastre,"viral context plus mechanism-rich title/abstract: hiv, viral, hiv, host response, pathway, pathways",normalized_empty_sections,0
pmid-25389186,25389186,pi-backlog,2015,Mapping of the interaction domains of the Crimean-Congo hemorrhagic fever virus nucleocapsid protein.,SYBIL,Adolfo Garcia-Sastre,"viral context plus mechanism-rich title/abstract: virus, viral, interaction, interactions, replication",normalized_empty_sections,0
pmid-24760882,24760882,pi-backlog,2014,Tumor suppressor cylindromatosis (CYLD) controls HIV transcription in an NF-κB-dependent manner.,SYBIL,Adolfo Garcia-Sastre,"viral context plus mechanism-rich title/abstract: hiv, virus, viral, hiv, pathway, screen",normalized_empty_sections,0
pmid-23420847,23420847,pi-backlog,2013,Diacylglycerol acyltransferase-1 localizes hepatitis C virus NS5A protein to lipid droplets and enhances NS5A interaction with the viral capsid core.,HPMI,Melanie Ott,"viral context plus mechanism-rich title/abstract: hcv, hepatitis c virus, virus, viral, interaction, interactions",normalized_empty_sections,0
pmid-22993153,22993153,pi-backlog,2012,Contribution of NS1 effector domain dimerization to influenza A virus replication and virulence.,SYBIL,Adolfo Garcia-Sastre,"viral context plus mechanism-rich title/abstract: influenza, virus, influenza, interaction, replication",normalized_empty_sections,0
pmid-22855494,22855494,pi-backlog,2012,Increased viral loads and exacerbated innate host responses in aged macaques infected with the 2009 pandemic H1N1 influenza A virus.,SYBIL,Adolfo Garcia-Sastre,"viral context plus mechanism-rich title/abstract: influenza, h1n1, virus, viral, influenza, host response",normalized_empty_sections,0
pmid-22778433,22778433,pi-backlog,2012,Hematopoietic-specific targeting of influenza A virus reveals replication requirements for induction of antiviral immune responses.,SYBIL,Adolfo Garcia-Sastre,"viral context plus mechanism-rich title/abstract: influenza, virus, viral, influenza, host response, replication",normalized_empty_sections,0
pmid-21917972,21917972,pi-backlog,2011,Major histocompatibility complex class II expression and hemagglutinin subtype influence the infectivity of type A influenza virus for respiratory dendritic cells.,SYBIL,Adolfo Garcia-Sastre,"viral context plus mechanism-rich title/abstract: influenza, virus, viral, influenza, interaction, macrophage",normalized_empty_sections,0
pmid-21593271,21593271,pi-backlog,2011,The NS1 protein of influenza A virus suppresses interferon-regulated activation of antigen-presentation and immune-proteasome pathways.,SYBIL,Adolfo Garcia-Sastre,"viral context plus mechanism-rich title/abstract: influenza, h1n1, virus, viral, influenza, host response",normalized_empty_sections,0
pmid-20844044,20844044,pi-backlog,2010,Virulence-associated substitution D222G in the hemagglutinin of 2009 pandemic influenza A(H1N1) virus affects receptor binding.,SYBIL,Adolfo Garcia-Sastre,"viral context plus mechanism-rich title/abstract: influenza, h1n1, virus, influenza, interaction, replication",normalized_empty_sections,0
pmid-20844032,20844032,pi-backlog,2010,Macaque proteome response to highly pathogenic avian influenza and 1918 reassortant influenza virus infections.,SYBIL,Adolfo Garcia-Sastre,"viral context plus mechanism-rich title/abstract: influenza, virus, viral, influenza, pathway, pathways",normalized_empty_sections,0
pmid-20357099,20357099,pi-backlog,2010,Murine coronavirus delays expression of a subset of interferon-stimulated genes.,SYBIL,Adolfo Garcia-Sastre,"viral context plus mechanism-rich title/abstract: coronavirus, virus, viral, coronavirus, pathway, replication",normalized_empty_sections,0
pmid-20219937,20219937,pi-backlog,2010,Species-specific antagonism of host ISGylation by the influenza B virus NS1 protein.,SYBIL,Adolfo Garcia-Sastre,"viral context plus mechanism-rich title/abstract: influenza, virus, influenza, interaction, replication",normalized_empty_sections,0
pmid-20071582,20071582,pi-backlog,2010,Phosphorylation-mediated negative regulation of RIG-I antiviral activity.,SYBIL,Adolfo Garcia-Sastre,"viral context plus mechanism-rich title/abstract: virus, viral, interaction, replication",normalized_empty_sections,0
pmid-19812322,19812322,pi-backlog,2009,An integrated systems analysis implicates EGR1 downregulation in simian immunodeficiency virus encephalitis-induced neural dysfunction.,HPMI,Trey Ideker,"viral context plus mechanism-rich title/abstract: hiv, virus, hiv, host response, interaction, protein interaction",normalized_empty_sections,0
pmid-19706713,19706713,pi-backlog,2009,The NS1 protein of the 1918 pandemic influenza virus blocks host interferon and lipid metabolism pathways.,SYBIL,Adolfo Garcia-Sastre,"viral context plus mechanism-rich title/abstract: influenza, virus, viral, influenza, host response, pathway",normalized_empty_sections,0
pmid-19218453,19218453,pi-backlog,2009,Early and sustained innate immune response defines pathology and death in nonhuman primates infected by highly pathogenic influenza virus.,SYBIL,Adolfo Garcia-Sastre,"viral context plus mechanism-rich title/abstract: influenza, h5n1, virus, influenza, host response, alveolar",normalized_empty_sections,0
pmid-19019947,19019947,pi-backlog,2009,Hantaan virus nucleocapsid protein binds to importin alpha proteins and inhibits tumor necrosis factor alpha-induced activation of nuclear factor kappa B.,SYBIL,Adolfo Garcia-Sastre,explicit cross-virus/shared-host full-text language: multiple viruses,normalized_empty_sections,0
pmid-17942531,17942531,pi-backlog,2008,Distinct RIG-I and MDA5 signaling by RNA viruses in innate immunity.,SYBIL,Adolfo Garcia-Sastre,"viral context plus mechanism-rich title/abstract: influenza, dengue, virus, viral, influenza, dengue",normalized_empty_sections,0
pmid-17494067,17494067,pi-backlog,2007,Peptide-mediated interference with influenza A virus polymerase.,SYBIL,Adolfo Garcia-Sastre,"viral context plus mechanism-rich title/abstract: influenza, virus, viral, influenza, interaction, interactions",normalized_empty_sections,0
pmid-17459917,17459917,pi-backlog,2007,Inhibition of the alpha/beta interferon response by mouse hepatitis virus at multiple levels.,SYBIL,Adolfo Garcia-Sastre,"viral context plus mechanism-rich title/abstract: coronavirus, virus, viral, coronavirus, interaction, replication",normalized_empty_sections,0
pmid-17442719,17442719,pi-backlog,2007,Multiple anti-interferon actions of the influenza A virus NS1 protein.,SYBIL,Adolfo Garcia-Sastre,"viral context plus mechanism-rich title/abstract: influenza, h1n1, virus, viral, influenza, host response",normalized_empty_sections,0
pmid-17269724,17269724,pi-backlog,2007,Identification of cellular interaction partners of the influenza virus ribonucleoprotein complex and polymerase complex using proteomic-based approaches.,SYBIL,Adolfo Garcia-Sastre,"viral context plus mechanism-rich title/abstract: influenza, virus, viral, influenza, interaction, proteomics",normalized_empty_sections,0
pmid-17094252,17094252,pi-backlog,2006,Discovering regulated networks during HIV-1 latency and reactivation.,HPMI,Trey Ideker,"viral context plus mechanism-rich title/abstract: hiv, virus, viral, hiv, pathway, pathways",normalized_empty_sections,0
pmid-17006449,17006449,pi-backlog,2006,Genomic analysis of increased host immune and cell death responses induced by 1918 influenza virus.,SYBIL,Adolfo Garcia-Sastre,"viral context plus mechanism-rich title/abstract: influenza, virus, viral, influenza, host response, pathway",normalized_empty_sections,0
pmid-16928763,16928763,pi-backlog,2006,Integrated molecular signature of disease: analysis of influenza virus-infected macaques through functional genomics and proteomics.,SYBIL,Adolfo Garcia-Sastre,"viral context plus mechanism-rich title/abstract: influenza, virus, viral, influenza, host response, proteomics",normalized_empty_sections,0
pmid-16352563,16352563,pi-backlog,2006,Prostate tumor cells infected with a recombinant influenza virus expressing a truncated NS1 protein activate cytolytic CD8+ cells to recognize noninfected tumor cells.,SYBIL,Adolfo Garcia-Sastre,"viral context plus mechanism-rich title/abstract: influenza, virus, viral, influenza, pathway, pathways",normalized_empty_sections,0
