source_collection,paper_id,pmid,doi,year,title,center,pi_candidates,pubmed_url,publisher_url,manual_download_reason
pi-backlog,pmid-42409264,42409264,10.1016/j.jbc.2026.113316,2026,Substrate and target selectivity of 4'-fluoroadenosine against viral and host polymerases.,SYBIL,Sumit Chanda,https://pubmed.ncbi.nlm.nih.gov/42409264/,https://doi.org/10.1016/j.jbc.2026.113316,publisher/DOI link available but OA status not confirmed from current metadata
pi-backlog,pmid-42200562,42200562,10.1177/15473287261450907,2026,Simplified Derivation of Stable Early Passage Murine Embryonic and Parthenogenetic Stem Cells.,SCRIPT,Alan Hauser,https://pubmed.ncbi.nlm.nih.gov/42200562/,https://doi.org/10.1177/15473287261450907,publisher/DOI link available but OA status not confirmed from current metadata
pi-backlog,pmid-41917196,41917196,10.1038/s41551-026-01642-6,2026,Programmable kinetic barcoding for multiplexed RNA detection with Cas13a.,HPMI,Melanie Ott,https://pubmed.ncbi.nlm.nih.gov/41917196/,https://doi.org/10.1038/s41551-026-01642-6,publisher/DOI link available but OA status not confirmed from current metadata
pi-backlog,pmid-41554267,41554267,10.1016/S2468-1253(25)00293-6,2026,"ALG-000184 (pevifoscorvir sodium) monotherapy in participants with chronic HBV infection: a phase 1, multicentre, randomised, dose escalation trial.",SYBIL,Sumit Chanda,https://pubmed.ncbi.nlm.nih.gov/41554267/,https://doi.org/10.1016/S2468-1253(25)00293-6,publisher/DOI link available but OA status not confirmed from current metadata
current-program,pmid-41384839,41384839,10.1093/jimmun/vkaf298,2026,Maternal proteome profiling reveals dynamic gestational age-specific responses to de novo vaccination.,,,https://pubmed.ncbi.nlm.nih.gov/41384839/,https://doi.org/10.1093/jimmun/vkaf298,publisher/DOI link available but OA status not confirmed from current metadata
pi-backlog,pmid-40037847,40037847,10.21873/anticanres.17479,2025,Cryptic Rearrangement of the KMT2A Gene in a B-cell Acute Lymphoblastic Leukemia.,CViSB,Kristian Andersen,https://pubmed.ncbi.nlm.nih.gov/40037847/,https://doi.org/10.21873/anticanres.17479,publisher/DOI link available but OA status not confirmed from current metadata
pi-backlog,pmid-40035960,40035960,10.1007/s11033-025-10378-6,2025,A detailed comparative in silico and functional analysis of ccd1 gene in maize gives new insights of its expression and functions.,SYBIL,Sumit Chanda,https://pubmed.ncbi.nlm.nih.gov/40035960/,https://doi.org/10.1007/s11033-025-10378-6,publisher/DOI link available but OA status not confirmed from current metadata
pi-backlog,pmid-39978373,39978373,10.1016/S1473-3099(25)00068-4,2025,Europe needs a sustainably funded influenza research and response network.,SYBIL,Adolfo Garcia-Sastre,https://pubmed.ncbi.nlm.nih.gov/39978373/,https://doi.org/10.1016/S1473-3099(25)00068-4,publisher/DOI link available but OA status not confirmed from current metadata
current-program,pmid-41091914,41091914,10.1126/scitranslmed.ady2282,2025,An intramuscular prime and mucosal boost vaccine regimen protects against lethal clade 2.3.4.4b H5N1 challenge in cynomolgus macaques.,CViSB,Kristian Andersen;Ryan McNamara,https://pubmed.ncbi.nlm.nih.gov/41091914/,https://doi.org/10.1126/scitranslmed.ady2282,publisher/DOI link available but OA status not confirmed from current metadata
current-program,pmid-40632835,40632835,10.1126/scitranslmed.adu7646,2025,Adenovirus and mRNA vaccines as well as mucosal boosting improve protective efficacy against influenza virus challenge in macaques.,CViSB,Kristian Andersen;Ryan McNamara,https://pubmed.ncbi.nlm.nih.gov/40632835/,https://doi.org/10.1126/scitranslmed.adu7646,publisher/DOI link available but OA status not confirmed from current metadata
pi-backlog,pmid-39580801,39580801,10.1016/j.celrep.2024.114960,2024,TRIM65 regulates innate immune signaling by enhancing K6-linked ubiquitination of IRF3 and its chromatin recruitment.,SYBIL,Adolfo Garcia-Sastre,https://pubmed.ncbi.nlm.nih.gov/39580801/,https://doi.org/10.1016/j.celrep.2024.114960,publisher/DOI link available but OA status not confirmed from current metadata
pi-backlog,pmid-39468980,39468980,10.52198/25.STI.45.GY1826,2024,What Happens to Endometriosis During the Menstrual Cycle?,CViSB,Robert Garry,https://pubmed.ncbi.nlm.nih.gov/39468980/,https://doi.org/10.52198/25.STI.45.GY1826,publisher/DOI link available but OA status not confirmed from current metadata
pi-backlog,pmid-39324493,39324493,10.1002/gcc.23272,2024,RUNX1::MIR99AHG Chimera in Acute Myeloid Leukemia.,CViSB,Kristian Andersen,https://pubmed.ncbi.nlm.nih.gov/39324493/,https://doi.org/10.1002/gcc.23272,publisher/DOI link available but OA status not confirmed from current metadata
pi-backlog,pmid-39120141,39120141,10.1002/gcc.23262,2024,Genetic Heterogeneity in Cellular Angiofibromas.,CViSB,Kristian Andersen,https://pubmed.ncbi.nlm.nih.gov/39120141/,https://doi.org/10.1002/gcc.23262,publisher/DOI link available but OA status not confirmed from current metadata
pi-backlog,pmid-38537997,38537997,10.21873/anticanres.16935,2024,Acute Lymphoblastic Leukemia With Near-haploid Karyotype and Philadelphia Chromosome.,CViSB,Kristian Andersen,https://pubmed.ncbi.nlm.nih.gov/38537997/,https://doi.org/10.21873/anticanres.16935,publisher/DOI link available but OA status not confirmed from current metadata
pi-backlog,pmid-37983398,37983398,10.1097/ACM.0000000000005355,2023,Set Up to Fail? Barriers Impeding Resident Communication Training in Neonatal Intensive Care Units.,HPMI,Melanie Ott,https://pubmed.ncbi.nlm.nih.gov/37983398/,https://doi.org/10.1097/ACM.0000000000005355,publisher/DOI link available but OA status not confirmed from current metadata
current-program,pmid-34986351,34986351,10.1016/j.celrep.2021.110172,2022,Ebola virus delta peptide is an enterotoxin.,CViSB,Robert Garry,https://pubmed.ncbi.nlm.nih.gov/34986351/,https://doi.org/10.1016/j.celrep.2021.110172,publisher/DOI link available but OA status not confirmed from current metadata
current-program,pmid-34841975,34841975,10.1177/09622802211060518,2022,Combining cox regressions across a heterogeneous distributed research network facing small and zero counts.,,,https://pubmed.ncbi.nlm.nih.gov/34841975/,https://doi.org/10.1177/09622802211060518,publisher/DOI link available but OA status not confirmed from current metadata
pi-backlog,pmid-34129317,34129317,10.1021/acsinfecdis.1c00017,2021,Screening a Library of FDA-Approved and Bioactive Compounds for Antiviral Activity against SARS-CoV-2.,HPMI,Melanie Ott,https://pubmed.ncbi.nlm.nih.gov/34129317/,https://doi.org/10.1021/acsinfecdis.1c00017,publisher/DOI link available but OA status not confirmed from current metadata
pi-backlog,pmid-33417126,33417126,10.1007/s11517-020-02306-6,2021,Biomechanical design prognosis of two extramedullary fixation devices for subtrochanteric femur fracture: a finite element study.,SYBIL,Sumit Chanda,https://pubmed.ncbi.nlm.nih.gov/33417126/,https://doi.org/10.1007/s11517-020-02306-6,publisher/DOI link available but OA status not confirmed from current metadata
pi-backlog,pmid-33125654,33125654,10.1007/978-1-0716-0892-0_14,2021,Protein Structure Modeling with MODELLER.,HPMI,Andrej Sali,https://pubmed.ncbi.nlm.nih.gov/33125654/,https://doi.org/10.1007/978-1-0716-0892-0_14,publisher/DOI link available but OA status not confirmed from current metadata
pi-backlog,pmid-32822681,32822681,10.1016/j.jbiotec.2020.08.009,2020,A novel SUMOylation site in the influenza a virus NS1 protein identified with a highly sensitive FRET assay.,SYBIL,Adolfo Garcia-Sastre,https://pubmed.ncbi.nlm.nih.gov/32822681/,https://doi.org/10.1016/j.jbiotec.2020.08.009,publisher/DOI link available but OA status not confirmed from current metadata
pi-backlog,pmid-32023470,32023470,10.1016/j.celrep.2020.01.015,2020,OTUB1 Is a Key Regulator of RIG-I-Dependent Immune Signaling and Is Targeted for Proteasomal Degradation by Influenza A NS1.,SYBIL,Adolfo Garcia-Sastre,https://pubmed.ncbi.nlm.nih.gov/32023470/,https://doi.org/10.1016/j.celrep.2020.01.015,publisher/DOI link available but OA status not confirmed from current metadata
pi-backlog,pmid-31774362,31774362,10.1177/0954411919890998,2020,A comparative assessment of two designs of hip stem using rule-based simulation of combined osseointegration and remodelling.,SYBIL,Sumit Chanda,https://pubmed.ncbi.nlm.nih.gov/31774362/,https://doi.org/10.1177/0954411919890998,publisher/DOI link available but OA status not confirmed from current metadata
current-program,pmid-32755751,32755751,10.1016/j.coi.2020.06.003,2020,"Dissecting the antibody-OME: past, present, and future.",,,https://pubmed.ncbi.nlm.nih.gov/32755751/,https://doi.org/10.1016/j.coi.2020.06.003,publisher/DOI link available but OA status not confirmed from current metadata
pi-backlog,pmid-30293731,30293731,10.1016/j.jvir.2018.05.014,2018,Comparison between Surgical and Endovascular Hemodialysis Arteriovenous Fistula Interventions and Associated Costs.,HPMI,Michael Glickman,https://pubmed.ncbi.nlm.nih.gov/30293731/,https://doi.org/10.1016/j.jvir.2018.05.014,publisher/DOI link available but OA status not confirmed from current metadata
pi-backlog,pmid-29874595,29874595,10.1016/j.celrep.2018.05.021,2018,Prediction of Adipose Browning Capacity by Systematic Integration of Transcriptional Profiles.,SCRIPT,Alan Hauser,https://pubmed.ncbi.nlm.nih.gov/29874595/,https://doi.org/10.1016/j.celrep.2018.05.021,publisher/DOI link available but OA status not confirmed from current metadata
pi-backlog,pmid-29488088,29488088,10.1007/s00384-018-2988-8,2018,The presence of occipital hair in the pilonidal sinus cavity-a triple approach to proof.,SCRIPT,Alan Hauser,https://pubmed.ncbi.nlm.nih.gov/29488088/,https://doi.org/10.1007/s00384-018-2988-8,publisher/DOI link available but OA status not confirmed from current metadata
pi-backlog,pmid-28986782,28986782,10.1007/978-1-4939-7231-9_4,2017,Protein Structure Modeling with MODELLER.,HPMI,Andrej Sali,https://pubmed.ncbi.nlm.nih.gov/28986782/,https://doi.org/10.1007/978-1-4939-7231-9_4,publisher/DOI link available but OA status not confirmed from current metadata
pi-backlog,pmid-28562037,28562037,10.1021/acs.jcim.6b00720,2017,Computational Discovery and Experimental Validation of Inhibitors of the Human Intestinal Transporter OATP2B1.,HPMI,Andrej Sali,https://pubmed.ncbi.nlm.nih.gov/28562037/,https://doi.org/10.1021/acs.jcim.6b00720,publisher/DOI link available but OA status not confirmed from current metadata
pi-backlog,pmid-28362044,28362044,10.5301/jva.5000723,2017,Comparison of post-creation procedures and costs between surgical and an endovascular approach to arteriovenous fistula creation.,HPMI,Michael Glickman,https://pubmed.ncbi.nlm.nih.gov/28362044/,https://doi.org/10.5301/jva.5000723,publisher/DOI link available but OA status not confirmed from current metadata
pi-backlog,pmid-28230985,28230985,10.1021/acs.jmedchem.6b01317,2017,Discovery of Competitive and Noncompetitive Ligands of the Organic Cation Transporter 1 (OCT1; SLC22A1).,HPMI,Andrej Sali,https://pubmed.ncbi.nlm.nih.gov/28230985/,https://doi.org/10.1021/acs.jmedchem.6b01317,publisher/DOI link available but OA status not confirmed from current metadata
pi-backlog,pmid-28220929,28220929,10.3414/ME16-01-0091,2017,Increasing the Efficiency on Producing Radiology Reports for Breast Cancer Diagnosis by Means of Structured Reports. A Comparative Study.,SYBIL,Rafael Medina,https://pubmed.ncbi.nlm.nih.gov/28220929/,https://doi.org/10.3414/ME16-01-0091,publisher/DOI link available but OA status not confirmed from current metadata
pi-backlog,pmid-27965017,27965017,10.1016/j.dci.2016.12.001,2017,Structure and functionalities of the human c-reactive protein compared to the zebrafish multigene family of c-reactive-like proteins.,SYBIL,Rafael Medina,https://pubmed.ncbi.nlm.nih.gov/27965017/,https://doi.org/10.1016/j.dci.2016.12.001,publisher/DOI link available but OA status not confirmed from current metadata
pi-backlog,pmid-27801516,27801516,10.1002/cpps.20,2016,Comparative Protein Structure Modeling Using MODELLER.,HPMI,Andrej Sali,https://pubmed.ncbi.nlm.nih.gov/27801516/,https://doi.org/10.1002/cpps.20,publisher/DOI link available but OA status not confirmed from current metadata
pi-backlog,pmid-27120583,27120583,10.1021/acs.jmedchem.5b01933,2016,"Synthesis and Anti-Influenza Activity of Pyridine, Pyridazine, and Pyrimidine C-Nucleosides as Favipiravir (T-705) Analogues.",SYBIL,Sumit Chanda,https://pubmed.ncbi.nlm.nih.gov/27120583/,https://doi.org/10.1021/acs.jmedchem.5b01933,publisher/DOI link available but OA status not confirmed from current metadata
pi-backlog,pmid-26265177,26265177,10.1099/jgv.0.000262,2015,Subcellular trafficking and functional importance of herpes simplex virus type 1 glycoprotein M domains.,HPMI,Melanie Ott,https://pubmed.ncbi.nlm.nih.gov/26265177/,https://doi.org/10.1099/jgv.0.000262,publisher/DOI link available but OA status not confirmed from current metadata
pi-backlog,pmid-25511110,25511110,10.1007/s10534-014-9813-9,2015,A comparative immunological analysis of CoCl2 treated cells with in vitro hypoxic exposure.,SYBIL,Sumit Chanda,https://pubmed.ncbi.nlm.nih.gov/25511110/,https://doi.org/10.1007/s10534-014-9813-9,publisher/DOI link available but OA status not confirmed from current metadata
pi-backlog,pmid-25403732,25403732,10.1007/s11103-014-0266-x,2015,Comparative assessments of CRISPR-Cas nucleases' cleavage efficiency in planta.,UCLA-Persistent-BSI,Scott Filler,https://pubmed.ncbi.nlm.nih.gov/25403732/,https://doi.org/10.1007/s11103-014-0266-x,publisher/DOI link available but OA status not confirmed from current metadata
pi-backlog,pmid-25007846,25007846,10.1007/82_2014_400,2015,The NS1 protein: a multitasking virulence factor.,SYBIL,Adolfo Garcia-Sastre,https://pubmed.ncbi.nlm.nih.gov/25007846/,https://doi.org/10.1007/82_2014_400,publisher/DOI link available but OA status not confirmed from current metadata
pi-backlog,pmid-25378627,25378627,10.1126/science.1257570,2014,Phylogenomics resolves the timing and pattern of insect evolution.,HPMI,Melanie Ott,https://pubmed.ncbi.nlm.nih.gov/25378627/,https://doi.org/10.1126/science.1257570,publisher/DOI link available but OA status not confirmed from current metadata
pi-backlog,pmid-25201897,25201897,10.1177/1091581814545245,2014,"Tavaborole, a novel boron-containing small molecule for the topical treatment of onychomycosis, is noncarcinogenic in 2-year carcinogenicity studies.",SYBIL,Sumit Chanda,https://pubmed.ncbi.nlm.nih.gov/25201897/,https://doi.org/10.1177/1091581814545245,publisher/DOI link available but OA status not confirmed from current metadata
pi-backlog,pmid-25199792,25199792,10.1002/0471250953.bi0506s47,2014,Comparative Protein Structure Modeling Using MODELLER.,HPMI,Andrej Sali,https://pubmed.ncbi.nlm.nih.gov/25199792/,https://doi.org/10.1002/0471250953.bi0506s47,publisher/DOI link available but OA status not confirmed from current metadata
pi-backlog,pmid-24573470,24573470,10.1007/978-1-4939-0366-5_1,2014,Protein structure modeling with MODELLER.,HPMI,Andrej Sali,https://pubmed.ncbi.nlm.nih.gov/24573470/,https://doi.org/10.1007/978-1-4939-0366-5_1,publisher/DOI link available but OA status not confirmed from current metadata
pi-backlog,pmid-23389801,23389801,10.1039/c3cp44336a,2013,Towards accurate estimates of the spin-state energetics of spin-crossover complexes within density functional theory: a comparative case study of cobalt(II) complexes.,SCRIPT,Alan Hauser,https://pubmed.ncbi.nlm.nih.gov/23389801/,https://doi.org/10.1039/c3cp44336a,publisher/DOI link available but OA status not confirmed from current metadata
pi-backlog,pmid-22590727,22590727,10.1111/j.1365-294x.2011.05287.x,2012,"A comparative study of ancient sedimentary DNA, pollen and macrofossils from permafrost sediments of northern Siberia reveals long-term vegetational stability.",CViSB,Kristian Andersen,https://pubmed.ncbi.nlm.nih.gov/22590727/,https://doi.org/10.1111/j.1365-294x.2011.05287.x,publisher/DOI link available but OA status not confirmed from current metadata
pi-backlog,pmid-22323229,22323229,10.1007/978-1-61779-588-6_15,2012,Macromolecular assembly structures by comparative modeling and electron microscopy.,HPMI,Andrej Sali,https://pubmed.ncbi.nlm.nih.gov/22323229/,https://doi.org/10.1007/978-1-61779-588-6_15,publisher/DOI link available but OA status not confirmed from current metadata
pi-backlog,pmid-20406241,20406241,10.1111/j.1755-5922.2010.00148.x,2010,"Comparative efficacy of aliskiren monotherapy and ramipril monotherapy in patients with stage 2 systolic hypertension: subgroup analysis of a double-blind, active comparator trial.",CViSB,Kristian Andersen,https://pubmed.ncbi.nlm.nih.gov/20406241/,https://doi.org/10.1111/j.1755-5922.2010.00148.x,publisher/DOI link available but OA status not confirmed from current metadata
pi-backlog,pmid-19927307,19927307,10.1002/ajmg.b.31047,2010,Psychiatric syndromes in individuals with chromosome 18 abnormalities.,SYBIL,Rafael Medina,https://pubmed.ncbi.nlm.nih.gov/19927307/,https://doi.org/10.1002/ajmg.b.31047,publisher/DOI link available but OA status not confirmed from current metadata
pi-backlog,pmid-19617271,19617271,10.1177/1470320309342407,2009,Comparative effects of aliskiren-based and ramipril-based therapy on the renin system during long-term (6 months) treatment and withdrawal in patients with hypertension.,CViSB,Kristian Andersen,https://pubmed.ncbi.nlm.nih.gov/19617271/,https://doi.org/10.1177/1470320309342407,publisher/DOI link available but OA status not confirmed from current metadata
pi-backlog,pmid-18835315,18835315,10.1016/j.vaccine.2008.09.038,2008,Universal influenza A M2e-HBc vaccine protects against disease even in the presence of pre-existing anti-HBc antibodies.,SYBIL,Michael Schotsaert,https://pubmed.ncbi.nlm.nih.gov/18835315/,https://doi.org/10.1016/j.vaccine.2008.09.038,publisher/DOI link available but OA status not confirmed from current metadata
pi-backlog,pmid-18542861,18542861,10.1007/978-1-60327-058-8_8,2008,Protein structure modeling with MODELLER.,HPMI,Andrej Sali,https://pubmed.ncbi.nlm.nih.gov/18542861/,https://doi.org/10.1007/978-1-60327-058-8_8,publisher/DOI link available but OA status not confirmed from current metadata
pi-backlog,pmid-18379232,18379232,10.1097/CCM.0b013e3181691b99,2008,"Efficacy and safety of intravenous infusion of doripenem versus imipenem in ventilator-associated pneumonia: a multicenter, randomized study.",SCRIPT,Richard Wunderink,https://pubmed.ncbi.nlm.nih.gov/18379232/,https://doi.org/10.1097/CCM.0b013e3181691b99,publisher/DOI link available but OA status not confirmed from current metadata
pi-backlog,pmid-18300872,18300872,10.1097/HJH.0b013e3282f3ad9a,2008,"Comparative efficacy and safety of aliskiren, an oral direct renin inhibitor, and ramipril in hypertension: a 6-month, randomized, double-blind trial.",CViSB,Kristian Andersen,https://pubmed.ncbi.nlm.nih.gov/18300872/,https://doi.org/10.1097/HJH.0b013e3282f3ad9a,publisher/DOI link available but OA status not confirmed from current metadata
pi-backlog,pmid-18174180,18174180,10.1093/bioinformatics/btm630,2008,NetworkBLAST: comparative analysis of protein networks.,HPMI,Trey Ideker,https://pubmed.ncbi.nlm.nih.gov/18174180/,https://doi.org/10.1093/bioinformatics/btm630,publisher/DOI link available but OA status not confirmed from current metadata
pi-backlog,pmid-18003608,18003608,10.1074/jbc.M708929200,2008,2'-deoxy-4'-azido nucleoside analogs are highly potent inhibitors of hepatitis C virus replication despite the lack of 2'-alpha-hydroxyl groups.,SYBIL,Sumit Chanda,https://pubmed.ncbi.nlm.nih.gov/18003608/,https://doi.org/10.1074/jbc.M708929200,publisher/DOI link available but OA status not confirmed from current metadata
pi-backlog,pmid-18429317,18429317,10.1002/0471140864.ps0209s50,2007,Comparative protein structure modeling using MODELLER.,HPMI,Andrej Sali,https://pubmed.ncbi.nlm.nih.gov/18429317/,https://doi.org/10.1002/0471140864.ps0209s50,publisher/DOI link available but OA status not confirmed from current metadata
pi-backlog,pmid-18082876,18082876,10.1016/j.sapharm.2006.12.001,2007,Impact of bilingual product information labels on Spanish-speaking adults' ability to comprehend OTC information.,SYBIL,Sumit Chanda,https://pubmed.ncbi.nlm.nih.gov/18082876/,https://doi.org/10.1016/j.sapharm.2006.12.001,publisher/DOI link available but OA status not confirmed from current metadata
pi-backlog,pmid-17703413,17703413,10.1086/521027,2007,alpha-Defensin inhibits influenza virus replication by cell-mediated mechanism(s).,SYBIL,Adolfo Garcia-Sastre,https://pubmed.ncbi.nlm.nih.gov/17703413/,https://doi.org/10.1086/521027,publisher/DOI link available but OA status not confirmed from current metadata
pi-backlog,pmid-17437410,17437410,10.1111/j.1528-1167.2007.00926.x,2007,Lack of support for a role for RLIP76 (RALBP1) in response to treatment or predisposition to epilepsy.,HPMI,Andrej Sali,https://pubmed.ncbi.nlm.nih.gov/17437410/,https://doi.org/10.1111/j.1528-1167.2007.00926.x,publisher/DOI link available but OA status not confirmed from current metadata
pi-backlog,pmid-17332413,17332413,10.1126/science.1136567,2007,Multiple functions of the IKK-related kinase IKKepsilon in interferon-mediated antiviral immunity.,SYBIL,Adolfo Garcia-Sastre,https://pubmed.ncbi.nlm.nih.gov/17332413/,https://doi.org/10.1126/science.1136567,publisher/DOI link available but OA status not confirmed from current metadata
pi-backlog,pmid-16725105,16725105,10.1016/j.bbamem.2006.03.027,2006,Structural congruence among membrane-active host defense polypeptides of diverse phylogeny.,UCLA-Persistent-BSI,Michael Yeaman,https://pubmed.ncbi.nlm.nih.gov/16725105/,https://doi.org/10.1016/j.bbamem.2006.03.027,publisher/DOI link available but OA status not confirmed from current metadata
pi-backlog,pmid-16615907,16615907,10.1016/j.str.2006.02.006,2006,Protease accessibility laddering: a proteomic tool for probing protein structure.,HPMI,Andrej Sali,https://pubmed.ncbi.nlm.nih.gov/16615907/,https://doi.org/10.1016/j.str.2006.02.006,publisher/DOI link available but OA status not confirmed from current metadata
pi-backlog,pmid-16601728,16601728,10.1038/nbt1196,2006,Modeling cellular machinery through biological network comparison.,HPMI,Trey Ideker,https://pubmed.ncbi.nlm.nih.gov/16601728/,https://doi.org/10.1038/nbt1196,publisher/DOI link available but OA status not confirmed from current metadata
pi-backlog,pmid-16575526,16575526,10.1007/s10719-006-5441-0,2006,Sequence analysis and receptor specificity of the hemagglutinin of a recent influenza H2N2 virus isolated from chicken in North America.,SYBIL,Adolfo Garcia-Sastre,https://pubmed.ncbi.nlm.nih.gov/16575526/,https://doi.org/10.1007/s10719-006-5441-0,publisher/DOI link available but OA status not confirmed from current metadata
pi-backlog,pmid-16490207,16490207,10.1016/j.jmb.2006.01.062,2006,Refinement of protein structures by iterative comparative modeling and CryoEM density fitting.,HPMI,Andrej Sali,https://pubmed.ncbi.nlm.nih.gov/16490207/,https://doi.org/10.1016/j.jmb.2006.01.062,publisher/DOI link available but OA status not confirmed from current metadata
pi-backlog,pmid-16423846,16423846,10.1093/protein/gzj005,2006,Variable gap penalty for protein sequence-structure alignment.,HPMI,Andrej Sali,https://pubmed.ncbi.nlm.nih.gov/16423846/,https://doi.org/10.1093/protein/gzj005,publisher/DOI link available but OA status not confirmed from current metadata
