paper_id,pmid,year,source_collection,center,pi_candidates,title,decision_reason,parse_status,parse_source_type,viruses,host_systems,assay_types,dataset_repositories,dataset_accessions,resource_types,resource_links,raw_data_available,processed_data_available,code_available,reuse_value,pathway_relevance,access_friction,priority_bucket
pmid-38375062,38375062,2024,pi-backlog,CViSB,Donald S Grant,Upper Airway Epithelial Tissue Transcriptome Analysis Reveals Immune Signatures Associated with COVID-19 Severity in Ghanaians.,"viral context plus mechanism-rich title/abstract: coronavirus, sars-cov-2, sars, covid-19, virus, viral",cached_normalized,pmc_xml,sars_cov_2;sars_cov_1;coronavirus_general,airway_epithelium,,GEO,GEO:GSE166530,,,true,true,false,medium,medium,low,tier_1
pmid-37000623,37000623,2023,current-program,CViSB,Ryan McNamara,Fc-mediated pan-sarbecovirus protection after alphavirus vector vaccination.,explicit cross-virus/shared-host full-text language: cross-virus,cached_normalized,pmc_xml,sars_cov_2;coronavirus_general,Vero_E6_cells;macrophages;mice;hamsters;bat_cells_or_hosts;human_patients,network_analysis,,,GitHub,github.com/LoosC/systemsseRology,false,false,true,medium,medium,medium,tier_1
pmid-36095012,36095012,2022,pi-backlog,HPMI,Melanie Ott,SIRT5 is a proviral factor that interacts with SARS-CoV-2 Nsp14 protein.,"viral context plus mechanism-rich title/abstract: sars-cov-2, sars, viral, sars-cov-2, sars, interaction",cached_normalized,pmc_xml,sars_cov_2,A549_cells;Calu-3_cells;HEK293T_cells;Vero_E6_cells;human_lung_tissue;mice,proteomics;transcriptomics;CRISPR_screen;protein_interaction_mapping;imaging;genetic_perturbation,,,GitHub,github.com/GoldfarbLab/H522_paper_figures;github.com/mariuswalter/SIRT5_paper,false,false,true,medium,medium,medium,tier_1
pmid-35018374,35018374,2022,pi-backlog,HPMI,Melanie Ott,SIRT5 is a proviral factor that interacts with SARS-CoV-2 Nsp14 protein.,"viral context plus mechanism-rich title/abstract: sars-cov-2, sars, viral, sars-cov-2, sars, interaction",cached_normalized,pmc_xml,sars_cov_2,A549_cells;Calu-3_cells;HEK293T_cells;Vero_E6_cells;human_lung_tissue;mice,proteomics;transcriptomics;CRISPR_screen;protein_interaction_mapping;imaging;genetic_perturbation,,,GitHub,github.com/GoldfarbLab/H522_paper_figures;github.com/mariuswalter/SIRT5_paper,false,false,true,medium,medium,medium,tier_1
pmid-34937051,34937051,2022,current-program,SCRIPT,Richard Wunderink,Local and systemic responses to SARS-CoV-2 infection in children and adults.,"viral context plus mechanism-rich title/abstract: sars-cov-2, sars, covid-19, viral, sars-cov-2, sars",cached_normalized,pmc_xml,sars_cov_2,PBMCs;macrophages;airway_epithelium;mice;human_patients,transcriptomics;single_cell;imaging;proteogenomics,,,GitHub,github.com/julianeweller/mg2sc,false,false,true,medium,medium,medium,tier_1
pmid-34731594,34731594,2022,current-program,,,Age-related Differences in the Nasal Mucosal Immune Response to SARS-CoV-2.,"viral context plus mechanism-rich title/abstract: influenza, coronavirus, sars-cov-2, sars, rsv, virus",cached_normalized,pmc_xml,sars_cov_2;rsv;coronavirus_general,macrophages;airway_epithelium;human_patients,transcriptomics;single_cell;network_analysis,,,GitHub,github.com/NUPulmonary/2021_Koch,false,false,true,medium,medium,medium,tier_1
pmid-34171302,34171302,2021,hpmi,HPMI,,"An ancient viral epidemic involving host coronavirus interacting genes more than 20,000 years ago in East Asia.",explicit cross-virus/shared-host full-text language: multiple viruses,cached_normalized,pmc_xml,sars_cov_2;coronavirus_general,human_patients,proteomics;protein_interaction_mapping;network_analysis;genetic_perturbation,,,GitHub,github.com/DavidPierreEnard/Gene_Set_Enrichment_Pipeline;github.com/evotools/hapbin;github.com/szpiech/selscan,false,false,true,medium,medium,medium,tier_1
pmid-40579228,40579228,2025,hpmi,HPMI,,Inference of differential kinase interaction networks with KINference.,"viral context plus mechanism-rich title/abstract: sars-cov-2, sars, virus, sars-cov-2, sars, pathway",cached_normalized,pmc_xml,sars_cov_2,Calu-3_cells,phosphoproteomics;network_analysis,,,GitHub,github.com/bionetslab/KINference;github.com/bionetslab/KINference-Evaluation-Scripts,false,false,true,medium,low,medium,tier_1
pmid-38168164,38168164,2023,current-program,,,Altered RSV Epidemiology and Genetic Diversity Following the COVID-19 Pandemic.,explicit cross-virus/shared-host full-text language: pan-viral,cached_normalized,pmc_xml,sars_cov_2;rsv,human_patients,network_analysis,,,GitHub,github.com/erg6437/RSV-Molecular-Epidemiology;github.com/gwcbi/haphpipe,false,false,true,medium,low,medium,tier_1
pmid-35325204,35325204,2022,current-program,,,Selection Analysis Identifies Clusters of Unusual Mutational Changes in Omicron Lineage BA.1 That Likely Impact Spike Function.,"viral context plus mechanism-rich title/abstract: sars-cov-2, sars, virus, sars-cov-2, sars, interaction",cached_normalized,pmc_xml,sars_cov_2,bat_cells_or_hosts;human_patients,network_analysis,,,GitHub,github.com/veg/omicron-selection;github.com/veg/tn93,false,false,true,medium,low,medium,tier_1
pmid-35186917,35186917,2022,pi-backlog,SYBIL,Adolfo Garcia-Sastre,Profiling Selective Packaging of Host RNA and Viral RNA Modification in SARS-CoV-2 Viral Preparations.,"viral context plus mechanism-rich title/abstract: sars-cov-2, sars, virus, viral, sars-cov-2, sars",cached_normalized,pmc_xml,sars_cov_2,HEK293T_cells;Vero_E6_cells;human_patients,transcriptomics,,,GitHub,github.com/BioInfoTools/BBMap,false,false,true,medium,low,medium,tier_1
pmid-34981069,34981069,2021,current-program,,,Context-specific emergence and growth of the SARS-CoV-2 Delta variant.,"viral context plus mechanism-rich title/abstract: sars-cov-2, sars, covid-19, virus, sars-cov-2, sars",cached_normalized,pmc_xml,sars_cov_2,,,,,GitHub,github.com/COG-UK/Delta-analysis;github.com/ViralVerity/beastgenpy;github.com/cov-lineages/scorpio;github.com/owid/covid-19-data/blob/master/public/data/owid-covid-data.csv,false,false,true,medium,low,medium,tier_1
pmid-34981043,34981043,2021,current-program,,,Context-specific emergence and growth of the SARS-CoV-2 Delta variant.,"viral context plus mechanism-rich title/abstract: sars-cov-2, sars, covid-19, virus, sars-cov-2, sars",cached_normalized,pmc_xml,sars_cov_2,,,,,GitHub,github.com/COG-UK/Delta-analysis;github.com/ViralVerity/beastgenpy;github.com/cov-lineages/scorpio;github.com/owid/covid-19-data/blob/master/public/data/owid-covid-data.csv;github.com/sumalibajaj/Delta-Statistical-analysis-share,false,false,true,medium,low,medium,tier_1
pmid-33429418,33429418,2021,current-program,CViSB,Donald S Grant;Richard Wunderink,Circuits between infected macrophages and T cells in SARS-CoV-2 pneumonia.,"viral context plus mechanism-rich title/abstract: coronavirus, sars-cov-2, sars, covid-19, virus, coronavirus",cached_normalized,pmc_xml,sars_cov_2;sars_cov_1;coronavirus_general,macrophages;human_lung_tissue;mice;human_patients,transcriptomics;single_cell;network_analysis;imaging,,,GitHub,github.com/LungCellAtlas/FastCAR;github.com/NUPulmonary/2020_Grant;github.com/NUPulmonary/utils/blob/master/R/k_means_Figure.R,false,false,true,medium,low,medium,tier_1
pmid-34556855,34556855,2021,hpmi,HPMI,,Restriction factor compendium for influenza A virus reveals a mechanism for evasion of autophagy.,"virus-focused title/abstract plus weaker cross-virus framing in body: broad-spectrum, influenza, interaction, proteomics, transcriptomics, screen",cached_normalized,pmc_xml,influenza_a,A549_cells;HEK293T_cells;macrophages;human_lung_tissue;airway_epithelium;mice;human_patients,AP-MS_interactome;proteomics;transcriptomics;CRISPR_screen;protein_interaction_mapping;network_analysis;imaging;genetic_perturbation,,,NDEx,ndexbio.org/#/network/275bd84e-3d18-11e8-a935-0ac135e8bacf,false,false,false,medium,high,medium,tier_1
pmid-34031651,34031651,2021,hpmi,HPMI,,"CryoEM and AI reveal a structure of SARS-CoV-2 Nsp2, a multifunctional protein involved in key host processes.","viral context plus mechanism-rich title/abstract: coronavirus, sars-cov-2, sars, virus, viral, coronavirus",cached_normalized,pmc_xml,sars_cov_2;coronavirus_general,HEK293T_cells;Vero_E6_cells;mice;bat_cells_or_hosts,AP-MS_interactome;proximity_labeling;proteomics;protein_interaction_mapping;network_analysis;imaging;genetic_perturbation,,,GitHub,github.com/kroganlab/mist,false,false,true,medium,high,medium,tier_1
pmid-34013269,34013269,2021,hpmi,HPMI,,"CryoEM and AI reveal a structure of SARS-CoV-2 Nsp2, a multifunctional protein involved in key host processes.","viral context plus mechanism-rich title/abstract: coronavirus, sars-cov-2, sars, virus, viral, coronavirus",cached_normalized,pmc_xml,sars_cov_2;coronavirus_general,HEK293T_cells;Vero_E6_cells;mice;bat_cells_or_hosts,AP-MS_interactome;proximity_labeling;proteomics;protein_interaction_mapping;network_analysis;imaging;genetic_perturbation,,,GitHub,github.com/kroganlab/mist,false,false,true,medium,high,medium,tier_1
pmid-42258748,42258748,2026,current-program,CViSB,Donald S Grant;Richard Wunderink,Longitudinal clinical proteomics reveals pneumonia type-specific protein biomarkers and autoantibodies.,"viral context plus mechanism-rich title/abstract: influenza, sars-cov-2, sars, covid-19, viral, influenza",cached_normalized,pmc_xml,sars_cov_2,PBMCs;macrophages;human_lung_tissue;mice;human_patients,proteomics;transcriptomics;single_cell;network_analysis;imaging,ArrayExpress;PRIDE,PRIDE:PXD051341;PRIDE:PXD051948;PRIDE:PXD051982;ArrayExpress:E-MTAB-10026,GitHub,github.com/MarieOestreich/hCoCena;github.com/schillerlab/2025_AnnaSemenova_Autoantibody,true,true,true,high,medium,low,tier_1
pmid-41646792,41646792,2026,current-program,SCRIPT,Richard Wunderink,Longitudinal clinical proteomics reveals pneumonia type-specific protein biomarkers and autoantibodies.,"viral context plus mechanism-rich title/abstract: influenza, sars-cov-2, sars, covid-19, viral, influenza",cached_normalized,pmc_xml,sars_cov_2,PBMCs;macrophages;human_lung_tissue;mice;human_patients,proteomics;transcriptomics;single_cell;network_analysis;imaging,ArrayExpress;PRIDE,PRIDE:PXD051341;PRIDE:PXD051948;PRIDE:PXD051982;ArrayExpress:E-MTAB-10026,GitHub,github.com/MarieOestreich/hCoCena;github.com/schillerlab/2025_AnnaSemenova_Autoantibody,true,true,true,high,medium,low,tier_1
pmid-35337019,35337019,2022,hpmi,HPMI,,A BioID-Derived Proximity Interactome for SARS-CoV-2 Proteins.,"viral context plus mechanism-rich title/abstract: coronavirus, sars-cov-2, sars, covid-19, virus, viral",cached_normalized,pmc_xml,sars_cov_2;coronavirus_general,A549_cells;human_lung_tissue;mice;human_patients,proximity_labeling;proteomics;protein_interaction_mapping;network_analysis;genetic_perturbation,MassIVE;PRIDE,PRIDE:PXD029207;MassIVE:MSV000088245,NDEx,ndexbio.org/viewer/networks/275bd84e-3d18-11e8-a935-0ac135e8bacf,true,true,false,high,medium,low,tier_1
pmid-34986351,34986351,2022,current-program,CViSB,Robert Garry,Ebola virus delta peptide is an enterotoxin.,"viral context plus mechanism-rich title/abstract: ebola, virus, ebola, pathway, pathways",cached_normalized,pdf_grobid,ebola,Vero_E6_cells;organoids;mice;rhesus_macaques;human_patients,proteomics;transcriptomics;imaging,GEO,GEO:GSE189787,,,true,true,false,high,medium,medium,tier_1
pmid-34225493,34225493,2021,pi-backlog,SYBIL,Adolfo Garcia-Sastre,Expression of the Ebola Virus VP24 Protein Compromises the Integrity of the Nuclear Envelope and Induces a Laminopathy-Like Cellular Phenotype.,"viral context plus mechanism-rich title/abstract: ebola, virus, viral, ebola, pathway, pathways",cached_normalized,pmc_xml,ebola,A549_cells;Huh7_cells;Vero_E6_cells;macrophages,proteomics;transcriptomics;protein_interaction_mapping,GEO,GEO:GSE155936,,,true,true,false,high,medium,low,tier_1
pmid-33654293,33654293,2021,current-program,,,Single-cell meta-analysis of SARS-CoV-2 entry genes across tissues and demographics.,"viral context plus mechanism-rich title/abstract: sars-cov-2, sars, covid-19, viral, sars-cov-2, sars",cached_normalized,pmc_xml,sars_cov_2,PBMCs;macrophages;human_lung_tissue;airway_epithelium;mice;human_patients,transcriptomics;single_cell;network_analysis,GEO;Single_Cell_Portal,GEO:GSE109743;Single_Cell_Portal:SCP1257,GitHub,github.com/lilab-bcb/harmony-pytorch;github.com/theislab/diffxpy;github.com/timoast/signac,true,true,true,high,medium,low,tier_1
pmid-32720752,32720752,2020,current-program,,,Impaired phagocytic function in CX3CR1(+) tissue-resident skeletal muscle macrophages prevents muscle recovery after influenza A virus-induced pneumonia in old mice.,"viral context plus mechanism-rich title/abstract: influenza, virus, influenza, pathway, pathways, macrophage",cached_normalized,pmc_xml,influenza_a,macrophages;mice;human_patients,transcriptomics;CRISPR_screen;imaging,GEO,GEO:GSE142580,,,true,true,false,high,medium,low,tier_1
pmid-32645325,32645325,2020,hpmi,HPMI,,The Global Phosphorylation Landscape of SARS-CoV-2 Infection.,"virus-focused title/abstract plus weaker cross-virus framing in body: broad-spectrum, coronavirus, sars-cov-2, sars, covid-19, pathway",cached_normalized,pmc_xml,sars_cov_2;coronavirus_general,A549_cells;Calu-3_cells;HEK293T_cells;Vero_E6_cells;NHBE_cells;human_lung_tissue;mice;bat_cells_or_hosts;human_patients,proteomics;phosphoproteomics;transcriptomics;protein_interaction_mapping;network_analysis;imaging;genetic_perturbation,GEO;PRIDE,GEO:GSE147507;PRIDE:PXD019113,,,true,true,false,high,medium,low,tier_1
pmid-42134328,42134328,2026,hpmi,HPMI,,Coronavirus protein interaction mapping in bat and human cells reveals network rewiring governing immune evasion and zoonotic potential.,"explicit cross-virus/shared-host full-text language: cross virus, shared host, conserved host",cached_normalized,pmc_xml,sars_cov_2;coronavirus_general,HEK293T_cells;Vero_E6_cells;human_lung_tissue;organoids;mice;bat_cells_or_hosts,AP-MS_interactome;proteomics;transcriptomics;protein_interaction_mapping;network_analysis;imaging,GEO;PRIDE,GEO:GSE302357;PRIDE:PXD065873,GitHub,github.com/kroganlab/mist,true,true,true,high,high,low,tier_1
pmid-42013838,42013838,2026,pi-backlog,HPMI,Andrej Sali,Systematic discovery of pro- and anti-HIV host factors in primary human CD4+ T cells.,"viral context plus mechanism-rich title/abstract: hiv, virus, viral, hiv, host factor, host factors",cached_normalized,pmc_xml,hiv,HEK293T_cells;primary_CD4_T_cells;PBMCs;macrophages;mice,proteomics;transcriptomics;single_cell;CRISPR_screen;network_analysis;imaging;genetic_perturbation,GEO;PRIDE,GEO:GSE318876;PRIDE:PXD071892,Figshare,figshare.com/articles/dataset/Tabula_Sapiens_release_1_0/14267219,true,true,false,high,high,low,tier_1
pmid-36197970,36197970,2022,pi-backlog,SYBIL,Adolfo Garcia-Sastre,"Common and species-specific molecular signatures, networks, and regulators of influenza virus infection in mice, ferrets, and humans.","viral context plus mechanism-rich title/abstract: influenza, virus, viral, influenza, host factor, pathway",cached_normalized,pmc_xml,influenza_a,A549_cells;HEK293T_cells;PBMCs;macrophages;human_lung_tissue;mice;ferrets;human_patients,transcriptomics;network_analysis;genetic_perturbation,GEO,GEO:GSE40012;GEO:GSE89008;GEO:GSE97672;GEO:GSE98527,Synapse,synapse.org/fludynemo,true,true,false,high,high,low,tier_1
pmid-33730579,33730579,2021,pi-backlog,HPMI,Melanie Ott,A genome-wide CRISPR screen identifies UFMylation and TRAMP-like complexes as host factors required for hepatitis A virus infection.,explicit cross-virus/shared-host full-text language: shared host,cached_normalized,pmc_xml,hepatitis_a,Huh7_cells;organoids;mice,single_cell;CRISPR_screen;imaging,ArrayExpress,ArrayExpress:E-MTAB-8646,,,true,true,false,high,high,low,tier_1
pmid-33333024,33333024,2021,hpmi,HPMI,,Genetic Screens Identify Host Factors for SARS-CoV-2 and Common Cold Coronaviruses.,explicit cross-virus/shared-host full-text language: multiple viruses,cached_normalized,pmc_xml,sars_cov_2;coronavirus_general,A549_cells;Calu-3_cells;Huh7_cells;Vero_E6_cells;mice;human_patients,proteomics;single_cell;CRISPR_screen;protein_interaction_mapping;network_analysis;imaging,ArrayExpress,ArrayExpress:E-MTAB-9638,,,true,true,false,high,high,low,tier_1
pmid-33060197,33060197,2020,hpmi,HPMI,,Comparative host-coronavirus protein interaction networks reveal pan-viral disease mechanisms.,explicit cross-virus/shared-host full-text language: pan-viral,cached_normalized,pmc_xml,sars_cov_2;sars_cov_1;mers_cov;coronavirus_general,A549_cells;HEK293T_cells;Vero_E6_cells;mice;human_patients,AP-MS_interactome;proteomics;CRISPR_screen;protein_interaction_mapping;network_analysis;imaging;genetic_perturbation,PRIDE;SRA,SRA:SRP0675;PRIDE:PXD021588,GitHub,github.com/hillerlab/TOGA;github.com/kroganlab/mist,true,true,true,high,high,low,tier_1
pmid-32511329,32511329,2020,hpmi,HPMI,,A SARS-CoV-2-Human Protein-Protein Interaction Map Reveals Drug Targets and Potential Drug-Repurposing.,"explicit cross-virus/shared-host full-text language: multiple viruses, conserved host",cached_normalized,pmc_xml,sars_cov_2;coronavirus_general,HEK293T_cells;human_lung_tissue;bat_cells_or_hosts;human_patients,AP-MS_interactome;proteomics;protein_interaction_mapping;network_analysis,PRIDE,PRIDE:PXD018117,GitHub,github.com/momeara/BioChemPantry/vignette/COVID19,true,true,true,high,high,low,tier_1
pmid-32415096,32415096,2020,pi-backlog,SYBIL,Sumit Chanda,mRNA display with library of even-distribution reveals cellular interactors of influenza virus NS1.,"viral context plus mechanism-rich title/abstract: influenza, virus, influenza, interaction, interactions, protein interaction",cached_normalized,pmc_xml,influenza_a,A549_cells;HEK293T_cells;PBMCs,AP-MS_interactome;proximity_labeling;proteomics;transcriptomics;CRISPR_screen;protein_interaction_mapping;network_analysis,PRIDE,PRIDE:PXD000418,,,true,true,false,high,high,low,tier_1
pmid-32353859,32353859,2020,hpmi,HPMI,,A SARS-CoV-2 protein interaction map reveals targets for drug repurposing.,"explicit cross-virus/shared-host full-text language: multiple viruses, pan-viral",cached_normalized,pmc_xml,sars_cov_2;coronavirus_general,HEK293T_cells;Vero_E6_cells;human_lung_tissue;bat_cells_or_hosts;human_patients,AP-MS_interactome;proteomics;protein_interaction_mapping;network_analysis;imaging,PRIDE,PRIDE:PXD018117,GitHub,github.com/kroganlab/mist;github.com/momeara/BioChemPantry/tree/master/vignette/COVID19,true,true,true,high,high,low,tier_1
pmid-32084337,32084337,2020,hpmi,HPMI,,A Quantitative Genetic Interaction Map of HIV Infection.,explicit cross-virus/shared-host full-text language: pan-viral,cached_normalized,pmc_xml,hiv,A549_cells;HEK293T_cells;human_patients,proteomics;transcriptomics;CRISPR_screen;protein_interaction_mapping;network_analysis;imaging;genetic_perturbation,GEO,GEO:GSE144142,,,true,true,false,high,high,low,tier_1
pmid-31375585,31375585,2019,pi-backlog,SYBIL,Adolfo Garcia-Sastre,Innate Immune Response to Influenza Virus at Single-Cell Resolution in Human Epithelial Cells Revealed Paracrine Induction of Interferon Lambda 1.,explicit cross-virus/shared-host full-text language: multiple viruses,cached_normalized,pmc_xml,influenza_a,A549_cells;HEK293T_cells;NHBE_cells;airway_epithelium;mice;ferrets,single_cell;protein_interaction_mapping;imaging,GEO,GEO:GSE122031,,,true,true,false,high,high,low,tier_1
pmid-31253590,31253590,2019,hpmi,HPMI,,ARIH2 Is a Vif-Dependent Regulator of CUL5-Mediated APOBEC3G Degradation in HIV Infection.,"viral context plus mechanism-rich title/abstract: hiv, viral, hiv, proteomics, restriction factor",cached_normalized,pmc_xml,hiv,HEK293T_cells;primary_CD4_T_cells;macrophages,AP-MS_interactome;proteomics;CRISPR_screen;protein_interaction_mapping;network_analysis,PRIDE,PRIDE:PXD009012,,,true,true,false,high,high,low,tier_1
pmid-30833725,30833725,2019,hpmi,HPMI,,Identification of antiviral roles for the exon-junction complex and nonsense-mediated decay in flaviviral infection.,"viral context plus mechanism-rich title/abstract: dengue, zika, flavivirus, virus, viral, dengue",cached_normalized,pmc_xml,dengue;zika;flavivirus_general,mice,AP-MS_interactome;proteomics;CRISPR_screen;protein_interaction_mapping;network_analysis;imaging;genetic_perturbation,PRIDE,PRIDE:PXD011728,,,true,true,false,high,high,low,tier_1
pmid-30550790,30550790,2018,hpmi,HPMI,,Comparative Flavivirus-Host Protein Interaction Mapping Reveals Mechanisms of Dengue and Zika Virus Pathogenesis.,"explicit cross-virus/shared-host full-text language: cross-virus, cross virus",cached_normalized,pmc_xml,dengue;zika;flavivirus_general,A549_cells;HEK293T_cells;Huh7_cells;mice,AP-MS_interactome;proteomics;transcriptomics;CRISPR_screen;protein_interaction_mapping;network_analysis;imaging;genetic_perturbation,GEO,GEO:GSE110511;GEO:GSE110512;GEO:GSE118686,,,true,true,false,high,high,low,tier_1
pmid-42182519,42182519,2026,current-program,SCRIPT,Richard Wunderink,Pathogen-specific host responses define distinct pneumonia endotypes in the human lung.,"virus-focused title/abstract plus weaker cross-virus framing in body: broad-spectrum, covid-19, host response, interaction, interactions, alveolar",cached_normalized,pmc_xml,sars_cov_2,primary_CD4_T_cells;macrophages;human_lung_tissue;mice;human_patients,proteomics;transcriptomics;single_cell;genetic_perturbation,,,,,false,false,false,medium,medium,high,tier_2
pmid-42150007,42150007,2026,pi-backlog,HPMI,Melanie Ott,Self-Dimerization Induced Proximity Targeting Chimeras (SDIPTAC) Lead to DCAF1 Loss of Function and Inhibition of HIV Replication.,"viral context plus mechanism-rich title/abstract: hiv, viral, hiv, interaction, replication",cached_normalized,pmc_xml,hiv,HEK293T_cells;PBMCs;macrophages;mice;human_patients,proteomics;protein_interaction_mapping;network_analysis;genetic_perturbation,,,,,false,false,false,medium,medium,high,tier_2
pmid-41676649,41676649,2026,hpmi,HPMI,,Regulation of virion production by the ORF8 signal peptide across SARS-CoV-2 variants.,"virus-focused title/abstract plus weaker cross-virus framing in body: host adaptation, sars-cov-2, sars, immune evasion",cached_normalized,pmc_xml,sars_cov_2,A549_cells;Calu-3_cells;HEK293T_cells;Vero_E6_cells;mice;bat_cells_or_hosts;human_patients,network_analysis;imaging,,,,,false,false,false,medium,medium,high,tier_2
pmid-41654489,41654489,2026,pi-backlog,SYBIL,Adolfo Garcia-Sastre,Prenatal and postnatal effects of gestational immune activation on synaptic and neurodevelopmental pathways via epigenetic mechanisms.,"viral context plus mechanism-rich title/abstract: influenza, h1n1, virus, influenza, pathway, pathways",cached_normalized,pmc_xml,influenza_a,mice;human_patients,transcriptomics;network_analysis,,,,,false,false,false,medium,medium,high,tier_2
pmid-41384839,41384839,2026,current-program,,,Maternal proteome profiling reveals dynamic gestational age-specific responses to de novo vaccination.,"viral context plus mechanism-rich title/abstract: coronavirus, covid-19, virus, coronavirus, covid-19, pathway",cached_normalized,pdf_grobid,sars_cov_2;coronavirus_general,macrophages;human_patients,proteomics;network_analysis;genetic_perturbation,,,,,false,false,false,medium,medium,high,tier_2
pmid-41142120,41142120,2025,pi-backlog,SYBIL,Adolfo Garcia-Sastre,Integrative multi-omics analysis in vivo identifies influenza virus host factors.,"viral context plus mechanism-rich title/abstract: influenza, h1n1, h5n1, virus, viral, influenza",cached_normalized,pmc_xml,influenza_a,human_lung_tissue;mice,network_analysis;genetic_perturbation,,,,,false,false,false,medium,medium,high,tier_2
pmid-41141506,41141506,2025,pi-backlog,SYBIL,Adolfo Garcia-Sastre,Liquid Biopsy-Multiomics Link Adhesion Pathway Dysregulation to Kidney Injury Severity.,"viral context plus mechanism-rich title/abstract: sars-cov-2, sars, sars-cov-2, sars, pathway, pathways",cached_normalized,pmc_xml,sars_cov_2,organoids;human_patients,proteomics;transcriptomics;single_cell,,,,,false,false,false,medium,medium,high,tier_2
pmid-41034576,41034576,2025,hpmi,HPMI,,A miniature CRISPR-Cas10 enzyme confers immunity by inhibitory signalling.,"viral context plus mechanism-rich title/abstract: virus, viral, pathway, pathways, crispr, immune evasion",cached_normalized,pmc_xml,,,CRISPR_screen;imaging,,,,,false,false,false,medium,medium,high,tier_2
pmid-40909530,40909530,2025,pi-backlog,SYBIL,Adolfo Garcia-Sastre;Michael Schotsaert,Single-Cell Network Analysis Identifies CLEC4E as a Key Mediator of Proinflammatory mDC Responses in Influenza Infection.,"viral context plus mechanism-rich title/abstract: influenza, virus, viral, influenza, pathway, pathways",cached_normalized,pmc_xml,,mice;human_patients,single_cell;network_analysis,,,,,false,false,false,medium,medium,high,tier_2
pmid-40504864,40504864,2025,pi-backlog,SYBIL;HPMI,Adolfo Garcia-Sastre;Trey Ideker,Global siRNA screen identifies human host factors critical for SARS-CoV-2 replication and late stages of infection.,"viral context plus mechanism-rich title/abstract: coronavirus, sars-cov-2, sars, virus, viral, coronavirus",cached_normalized,pmc_xml,sars_cov_2;sars_cov_1;mers_cov;coronavirus_general,,proteomics;CRISPR_screen,,,,,false,false,false,medium,medium,high,tier_2
pmid-40378209,40378209,2025,pi-backlog,SYBIL,Adolfo Garcia-Sastre;Michael Schotsaert,Identification and targeting of regulators of SARS-CoV-2-host interactions in the airway epithelium.,"viral context plus mechanism-rich title/abstract: sars-cov-2, sars, virus, viral, sars-cov-2, sars",cached_normalized,pmc_xml,sars_cov_2,airway_epithelium,transcriptomics;single_cell;CRISPR_screen;network_analysis;genetic_perturbation,,,,,false,false,false,medium,medium,high,tier_2
pmid-39652575,39652575,2025,pi-backlog,HPMI,Trey Ideker,HBV Remodels PP2A Complexes to Rewire Kinase Signaling in Hepatocellular Carcinoma.,"viral context plus mechanism-rich title/abstract: hepatitis b virus, hbv, virus, hepatitis b virus, hbv, host factor",cached_normalized,pmc_xml,hbv,mice,AP-MS_interactome;proteomics;network_analysis,,,,,false,false,false,medium,medium,high,tier_2
pmid-39580801,39580801,2024,pi-backlog,SYBIL,Adolfo Garcia-Sastre,TRIM65 regulates innate immune signaling by enhancing K6-linked ubiquitination of IRF3 and its chromatin recruitment.,"viral context plus mechanism-rich title/abstract: viral, pathway, pathways, interaction",cached_normalized,pdf_grobid,,A549_cells;HEK293T_cells;macrophages;mice,single_cell;CRISPR_screen;network_analysis;imaging;genetic_perturbation,,,,,false,false,false,medium,medium,high,tier_2
pmid-39464067,39464067,2024,pi-backlog,SYBIL,Adolfo Garcia-Sastre;Michael Schotsaert,Identification and Targeting of Regulators of SARS-CoV-2-Host Interactions in the Airway Epithelium.,"viral context plus mechanism-rich title/abstract: sars-cov-2, sars, virus, viral, sars-cov-2, sars",cached_normalized,pmc_xml,sars_cov_2,airway_epithelium,transcriptomics;single_cell;CRISPR_screen;network_analysis;genetic_perturbation,,,,,false,false,false,medium,medium,high,tier_2
pmid-38562892,38562892,2024,pi-backlog,SYBIL,Adolfo Garcia-Sastre,Integrated multiomics implicates dysregulation of ECM and cell adhesion pathways as drivers of severe COVID-associated kidney injury.,"viral context plus mechanism-rich title/abstract: sars-cov-2, sars, covid-19, sars-cov-2, sars, covid-19",cached_normalized,pmc_xml,sars_cov_2,organoids;human_patients,proteomics;transcriptomics;single_cell;network_analysis,,,,,false,false,false,medium,medium,high,tier_2
pmid-38411080,38411080,2024,pi-backlog,HPMI,Melanie Ott,CRISPR-Cas9 screen of E3 ubiquitin ligases identifies TRAF2 and UHRF1 as regulators of HIV latency in primary human T cells.,"viral context plus mechanism-rich title/abstract: hiv, virus, viral, hiv, pathway, pathways",cached_normalized,pmc_xml,hiv,primary_CD4_T_cells,proteomics;CRISPR_screen,,,,,false,false,false,medium,medium,high,tier_2
pmid-37758692,37758692,2023,hpmi,HPMI,,Proteomic and genetic analyses of influenza A viruses identify pan-viral host targets.,explicit cross-virus/shared-host full-text language: pan-viral,cached_normalized,pmc_xml,influenza_a;sars_cov_2;coronavirus_general,A549_cells;NHBE_cells;human_patients,AP-MS_interactome;proteomics;phosphoproteomics;network_analysis;genetic_perturbation,,,,,false,false,false,medium,medium,high,tier_2
pmid-36519174,36519174,2022,pi-backlog,SYBIL,Adolfo Garcia-Sastre,Interaction between chicken TRIM25 and MDA5 and their role in mediated antiviral activity against IBDV infection.,"viral context plus mechanism-rich title/abstract: virus, viral, pathway, interaction, replication",cached_normalized,pmc_xml,,macrophages;mice;human_patients,CRISPR_screen;imaging,,,,,false,false,false,medium,medium,high,tier_2
pmid-35867415,35867415,2022,pi-backlog,SYBIL,Adolfo Garcia-Sastre,Proteomic Identification of Potential Target Proteins of Cathepsin W for Its Development as a Drug Target for Influenza.,"viral context plus mechanism-rich title/abstract: influenza, virus, viral, influenza, host factor, host factors",cached_normalized,pmc_xml,influenza_a,A549_cells;HEK293T_cells;human_lung_tissue;mice;human_patients,proteomics;imaging;genetic_perturbation,,,,,false,false,false,medium,medium,high,tier_2
pmid-35417684,35417684,2022,hpmi,HPMI,,Global post-translational modification profiling of HIV-1-infected cells reveals mechanisms of host cellular pathway remodeling.,"viral context plus mechanism-rich title/abstract: hiv, virus, hiv, pathway, pathways, proteomics",cached_normalized,pmc_xml,hiv,HEK293T_cells;primary_CD4_T_cells;macrophages;mice,AP-MS_interactome;proteomics;phosphoproteomics;CRISPR_screen;network_analysis,,,,,false,false,false,medium,medium,high,tier_2
pmid-34942634,34942634,2022,hpmi,HPMI,,Evolution of enhanced innate immune evasion by SARS-CoV-2.,"virus-focused title/abstract plus weaker cross-virus framing in body: host adaptation, sars-cov-2, sars, interaction, proteomics, immune evasion",cached_normalized,pmc_xml,sars_cov_2,Calu-3_cells;HEK293T_cells;human_lung_tissue;airway_epithelium;mice;human_patients,proteomics;phosphoproteomics;transcriptomics;single_cell;network_analysis;imaging,,,,,false,false,false,medium,medium,high,tier_2
pmid-34129317,34129317,2021,pi-backlog,HPMI,Melanie Ott,Screening a Library of FDA-Approved and Bioactive Compounds for Antiviral Activity against SARS-CoV-2.,"viral context plus mechanism-rich title/abstract: coronavirus, sars-cov-2, sars, covid-19, virus, viral",cached_normalized,pdf_grobid,sars_cov_2;coronavirus_general,A549_cells;Calu-3_cells;Huh7_cells;Vero_E6_cells;human_lung_tissue;mice;human_patients,proteomics;phosphoproteomics;imaging,,,,,false,false,false,medium,medium,high,tier_2
pmid-34127972,34127972,2021,hpmi,HPMI,,Evolution of enhanced innate immune evasion by the SARS-CoV-2 B.1.1.7 UK variant.,"viral context plus mechanism-rich title/abstract: sars-cov-2, sars, viral, sars-cov-2, sars, interaction",cached_normalized,pmc_xml,sars_cov_2,Calu-3_cells;HEK293T_cells;airway_epithelium;mice;human_patients,proteomics;phosphoproteomics;single_cell;network_analysis;imaging,,,,,false,false,false,medium,medium,high,tier_2
pmid-33676971,33676971,2021,pi-backlog,SYBIL,Adolfo Garcia-Sastre,Intestinal Host Response to SARS-CoV-2 Infection and COVID-19 Outcomes in Patients With Gastrointestinal Symptoms.,"viral context plus mechanism-rich title/abstract: sars-cov-2, sars, covid-19, viral, sars-cov-2, sars",cached_normalized,pmc_xml,sars_cov_2,Vero_E6_cells;PBMCs;macrophages;human_lung_tissue;organoids;mice;human_patients,proteomics;transcriptomics;single_cell;imaging,,,,,false,false,false,medium,medium,high,tier_2
pmid-32550242,32550242,2020,current-program,,,SARS-CoV-2 Entry Genes Are Most Highly Expressed in Nasal Goblet and Ciliated Cells within Human Airways.,"viral context plus mechanism-rich title/abstract: coronavirus, sars-cov-2, sars, covid-19, virus, viral",cached_normalized,pmc_xml,sars_cov_2;coronavirus_general,Huh7_cells;Vero_E6_cells;airway_epithelium;human_patients,single_cell;network_analysis;imaging,,,,,false,false,false,medium,medium,high,tier_2
pmid-32240278,32240278,2020,pi-backlog,SYBIL,Adolfo Garcia-Sastre,Chemical intervention of influenza virus mRNA nuclear export.,"viral context plus mechanism-rich title/abstract: influenza, virus, viral, influenza, pathway, screen",cached_normalized,pmc_xml,influenza_a,A549_cells;HEK293T_cells;human_lung_tissue;mice,transcriptomics;CRISPR_screen;network_analysis;imaging;genetic_perturbation,,,,,false,false,false,medium,medium,high,tier_2
pmid-32092305,32092305,2020,pi-backlog,SYBIL,Adolfo Garcia-Sastre,Influenza virus NS1- C/EBPβ gene regulatory complex inhibits RIG-I transcription.,"viral context plus mechanism-rich title/abstract: influenza, virus, viral, influenza, interaction, epithelial",cached_normalized,pmc_xml,,A549_cells;NHBE_cells;human_lung_tissue,imaging;genetic_perturbation,,,,,false,false,false,medium,medium,high,tier_2
pmid-32023470,32023470,2020,pi-backlog,SYBIL,Adolfo Garcia-Sastre,OTUB1 Is a Key Regulator of RIG-I-Dependent Immune Signaling and Is Targeted for Proteasomal Degradation by Influenza A NS1.,"viral context plus mechanism-rich title/abstract: influenza, virus, viral, influenza, pathway, pathways",cached_normalized,pdf_grobid,influenza_a,A549_cells;HEK293T_cells;Vero_E6_cells;human_lung_tissue,proximity_labeling;proteomics;CRISPR_screen;imaging;genetic_perturbation,,,,,false,false,false,medium,medium,high,tier_2
pmid-31682641,31682641,2019,pi-backlog,SYBIL,Adolfo Garcia-Sastre,The ETS transcription factor ELF1 regulates a broadly antiviral program distinct from the type I interferon response.,"viral context plus mechanism-rich title/abstract: influenza, virus, viral, influenza, host response, replication",cached_normalized,pmc_xml,influenza_a,A549_cells;HEK293T_cells;Vero_E6_cells;NHBE_cells;PBMCs;airway_epithelium;mice;rhesus_macaques;human_patients,transcriptomics;CRISPR_screen;imaging;genetic_perturbation,,,,,false,false,false,medium,medium,high,tier_2
pmid-30209081,30209081,2018,pi-backlog,HPMI,Trey Ideker,Multiple Routes to Oncogenesis Are Promoted by the Human Papillomavirus-Host Protein Network.,"viral context plus mechanism-rich title/abstract: virus, viral, pathway, interaction, interactions, protein interaction",cached_normalized,pmc_xml,,HEK293T_cells;human_patients,AP-MS_interactome;proteomics;transcriptomics;CRISPR_screen;protein_interaction_mapping;network_analysis;imaging,,,,,false,false,false,medium,medium,high,tier_2
pmid-29370303,29370303,2018,pi-backlog,SYBIL,Adolfo Garcia-Sastre,MERS-CoV 4b protein interferes with the NF-κB-dependent innate immune response during infection.,"viral context plus mechanism-rich title/abstract: coronavirus, virus, viral, coronavirus, pathway, pathways",cached_normalized,pmc_xml,mers_cov;coronavirus_general,Calu-3_cells;Huh7_cells;mice;hamsters;bat_cells_or_hosts,proteomics;imaging,,,,,false,false,false,medium,medium,high,tier_2
pmid-27978436,27978436,2016,pi-backlog,HPMI,Melanie Ott,The mTOR Complex Controls HIV Latency.,"viral context plus mechanism-rich title/abstract: hiv, viral, hiv, pathway, screen",cached_normalized,pmc_xml,hiv,primary_CD4_T_cells;mice;human_patients,CRISPR_screen;genetic_perturbation,,,,,false,false,false,medium,medium,high,tier_2
pmid-26845514,26845514,2016,pi-backlog,HPMI,Melanie Ott,Therapeutics Targeting Protein Acetylation Perturb Latency of Human Viruses.,"viral context plus mechanism-rich title/abstract: hiv, virus, viral, hiv, pathway, pathways",cached_normalized,pmc_xml,hiv,macrophages;mice;human_patients,transcriptomics;network_analysis;genetic_perturbation,,,,,false,false,false,medium,medium,high,tier_2
pmid-24817247,24817247,2014,pi-backlog,HPMI,Trey Ideker,An integrated map of HIV-human protein complexes that facilitate viral infection.,"viral context plus mechanism-rich title/abstract: hiv, viral, hiv, interaction, interactions, screen",cached_normalized,pmc_xml,hiv,HEK293T_cells;macrophages,AP-MS_interactome;proteomics;protein_interaction_mapping;network_analysis;genetic_perturbation,,,,,false,false,false,medium,medium,high,tier_2
pmid-24586175,24586175,2014,pi-backlog,SYBIL,Adolfo Garcia-Sastre,Human genome-wide RNAi screen identifies an essential role for inositol pyrophosphates in Type-I interferon response.,"viral context plus mechanism-rich title/abstract: influenza, virus, viral, influenza, pathway, screen",cached_normalized,pmc_xml,influenza_a,macrophages;mice,proteomics;network_analysis;imaging;genetic_perturbation,,,,,false,false,false,medium,medium,high,tier_2
pmid-21909097,21909097,2011,pi-backlog,SYBIL,Adolfo Garcia-Sastre,Chemical inhibition of RNA viruses reveals REDD1 as a host defense factor.,"viral context plus mechanism-rich title/abstract: influenza, virus, viral, influenza, pathway, screen",cached_normalized,pmc_xml,influenza_a,A549_cells;HEK293T_cells;Vero_E6_cells;mice,network_analysis;imaging,,,,,false,false,false,medium,medium,high,tier_2
pmid-21483486,21483486,2011,pi-backlog,SYBIL,Adolfo Garcia-Sastre,Dissection of the influenza A virus endocytic routes reveals macropinocytosis as an alternative entry pathway.,"viral context plus mechanism-rich title/abstract: influenza, virus, influenza, pathway, pathways",cached_normalized,pmc_xml,influenza_a,A549_cells;HEK293T_cells;human_lung_tissue;mice;hamsters,proteomics;network_analysis;imaging;genetic_perturbation,,,,,false,false,false,medium,medium,high,tier_2
pmid-20844032,20844032,2010,pi-backlog,SYBIL,Adolfo Garcia-Sastre,Macaque proteome response to highly pathogenic avian influenza and 1918 reassortant influenza virus infections.,"viral context plus mechanism-rich title/abstract: influenza, virus, viral, influenza, pathway, pathways",cached_normalized,pmc_xml,,human_lung_tissue;rhesus_macaques,proteomics;network_analysis,,,,,false,false,false,medium,medium,high,tier_2
pmid-20140189,20140189,2010,pi-backlog,HPMI,Andrej Sali,The overlap of small molecule and protein binding sites within families of protein structures.,"viral context plus mechanism-rich title/abstract: hiv, hiv, pathway, pathways, interaction, interactions",cached_normalized,pmc_xml,hiv,human_patients,protein_interaction_mapping;network_analysis;genetic_perturbation,,,,,false,false,false,medium,medium,high,tier_2
pmid-19812322,19812322,2009,pi-backlog,HPMI,Trey Ideker,An integrated systems analysis implicates EGR1 downregulation in simian immunodeficiency virus encephalitis-induced neural dysfunction.,"viral context plus mechanism-rich title/abstract: hiv, virus, hiv, host response, interaction, protein interaction",cached_normalized,pmc_xml,hiv,macrophages;rhesus_macaques;human_patients,protein_interaction_mapping;network_analysis,,,,,false,false,false,medium,medium,high,tier_2
pmid-42409264,42409264,2026,pi-backlog,SYBIL,Sumit Chanda,Substrate and target selectivity of 4'-fluoroadenosine against viral and host polymerases.,"virus-focused title/abstract plus weaker cross-virus framing in body: broad-spectrum, coronavirus, interaction, interactions",cached_normalized,pdf_grobid,coronavirus_general,A549_cells;HEK293T_cells;Vero_E6_cells;mice;hamsters,proteomics;imaging,,,,,false,false,false,medium,low,high,tier_2
pmid-41917196,41917196,2026,pi-backlog,HPMI,Melanie Ott,Programmable kinetic barcoding for multiplexed RNA detection with Cas13a.,explicit cross-virus/shared-host full-text language: multiple viruses,cached_normalized,pdf_grobid,sars_cov_2,Huh7_cells;Vero_E6_cells;mice;human_patients,CRISPR_screen;imaging,,,,,false,false,false,medium,low,high,tier_2
pmid-41091914,41091914,2025,current-program,CViSB,Kristian Andersen;Ryan McNamara,An intramuscular prime and mucosal boost vaccine regimen protects against lethal clade 2.3.4.4b H5N1 challenge in cynomolgus macaques.,"viral context plus mechanism-rich title/abstract: influenza, h5n1, virus, viral, influenza, replication",cached_normalized,pdf_grobid,influenza_a,PBMCs;macrophages;human_lung_tissue;mice;ferrets;rhesus_macaques;human_patients,single_cell;network_analysis,,,,,false,false,false,medium,low,high,tier_2
pmid-40766693,40766693,2025,pi-backlog,SYBIL;HPMI,Adolfo Garcia-Sastre;Melanie Ott,Coronavirus protein interaction mapping in bat and human cells identifies molecular and genetic switches for immune evasion and replication.,"virus-focused title/abstract plus weaker cross-virus framing in body: host adaptation, coronavirus, sars-cov-2, sars, interaction, interactions",cached_normalized,pmc_xml,sars_cov_2;coronavirus_general,bat_cells_or_hosts,AP-MS_interactome;proteomics;protein_interaction_mapping,,,,,false,false,false,medium,low,high,tier_2
pmid-40687705,40687705,2025,pi-backlog,UCLA-Persistent-BSI,Elaine Reed,Baseline predictors for 28-day COVID-19 severity and mortality among hospitalized patients: results from the IMPACC study.,"viral context plus mechanism-rich title/abstract: coronavirus, sars-cov-2, sars, covid-19, virus, viral",cached_normalized,pmc_xml,sars_cov_2;coronavirus_general,PBMCs;human_patients,proteomics;transcriptomics,,,,,false,false,false,medium,low,high,tier_2
pmid-40025722,40025722,2025,hpmi,HPMI,,Affinity Purification Mass Spectrometry on the Orbitrap-Astral Mass Spectrometer Enables High-Throughput Protein-Protein Interaction Mapping.,"viral context plus mechanism-rich title/abstract: viral, interaction, protein interaction, proteomics, network",cached_normalized,pmc_xml,,,AP-MS_interactome;proteomics;protein_interaction_mapping;network_analysis,,,,,false,false,false,medium,low,high,tier_2
pmid-39089348,39089348,2024,pi-backlog,SYBIL,Adolfo Garcia-Sastre,Patient subtyping analysis of baseline multi-omic data reveals distinct pre-immune states associated with antibody response to seasonal influenza vaccination.,"viral context plus mechanism-rich title/abstract: influenza, influenza, proteomics, transcriptomics",cached_normalized,pmc_xml,,human_patients,proteomics;transcriptomics,,,,,false,false,false,medium,low,high,tier_2
pmid-38328256,38328256,2024,pi-backlog,SYBIL,Adolfo Garcia-Sastre,Patient Subtyping Analysis of Baseline Multi-omic Data Reveals Distinct Pre-immune States Predictive of Vaccination Responses.,"viral context plus mechanism-rich title/abstract: influenza, influenza, proteomics, transcriptomics, network",cached_normalized,pmc_xml,,human_patients,proteomics;transcriptomics;network_analysis,,,,,false,false,false,medium,low,high,tier_2
pmid-35982664,35982664,2022,hpmi,HPMI,,NF-κB inhibitor alpha has a cross-variant role during SARS-CoV-2 infection in ACE2-overexpressing human airway organoids.,"viral context plus mechanism-rich title/abstract: sars-cov-2, sars, viral, sars-cov-2, sars, replication",cached_normalized,pmc_xml,sars_cov_2,A549_cells;HEK293T_cells;Vero_E6_cells;human_lung_tissue;airway_epithelium;organoids;mice;human_patients,transcriptomics;single_cell;imaging;genetic_perturbation,,,,,false,false,false,medium,low,high,tier_2
pmid-34981044,34981044,2021,pi-backlog,SYBIL,Adolfo Garcia-Sastre;Michael Schotsaert,The SARS-CoV-2 B.1.1.529 Omicron virus causes attenuated infection and disease in mice and hamsters.,"virus-focused title/abstract plus weaker cross-virus framing in body: host adaptation, sars-cov-2, sars, network",cached_normalized,pmc_xml,sars_cov_2,Vero_E6_cells;human_lung_tissue;mice;ferrets;hamsters;human_patients,network_analysis;imaging,,,,,false,false,false,medium,low,high,tier_2
pmid-33586677,33586677,2021,current-program,,,The lung microenvironment shapes a dysfunctional response of alveolar macrophages in aging.,"viral context plus mechanism-rich title/abstract: influenza, viral, influenza, macrophage, alveolar",cached_normalized,pmc_xml,influenza_a,macrophages;mice;human_patients,transcriptomics;single_cell,,,,,false,false,false,medium,low,high,tier_2
pmid-34013276,34013276,2020,current-program,CViSB,Donald S Grant;Richard Wunderink,Alveolitis in severe SARS-CoV-2 pneumonia is driven by self-sustaining circuits between infected alveolar macrophages and T cells.,"viral context plus mechanism-rich title/abstract: coronavirus, sars-cov-2, sars, covid-19, virus, coronavirus",cached_normalized,pmc_xml,sars_cov_2;sars_cov_1;coronavirus_general,macrophages;human_patients,transcriptomics;single_cell,,,,,false,false,false,medium,low,high,tier_2
pmid-32839770,32839770,2020,pi-backlog,HPMI,Nevan Krogan,SARS-CoV-2 ORF9c Is a Membrane-Associated Protein that Suppresses Antiviral Responses in Cells.,"viral context plus mechanism-rich title/abstract: coronavirus, sars-cov-2, sars, covid-19, virus, viral",cached_normalized,pmc_xml,sars_cov_2;coronavirus_general,,proteomics;transcriptomics;protein_interaction_mapping,,,,,false,false,false,medium,low,high,tier_2
pmid-32817938,32817938,2020,pi-backlog,SYBIL;HPMI,Adolfo Garcia-Sastre;Melanie Ott,An ultra-potent synthetic nanobody neutralizes SARS-CoV-2 by locking Spike into an inactive conformation.,"viral context plus mechanism-rich title/abstract: sars-cov-2, sars, viral, sars-cov-2, sars, interaction",cached_normalized,pmc_xml,sars_cov_2,human_patients,proteomics;imaging,,,,,false,false,false,medium,low,high,tier_2
pmid-32287326,32287326,2020,pi-backlog,SYBIL,Adolfo Garcia-Sastre,Characterizing Emerging Canine H3 Influenza Viruses.,"virus-focused title/abstract plus weaker cross-virus framing in body: species barriers, influenza, network",cached_normalized,pmc_xml,influenza_a,Vero_E6_cells;airway_epithelium;mice;ferrets;human_patients,network_analysis;imaging,,,,,false,false,false,medium,low,high,tier_2
pmid-22190037,22190037,2011,pi-backlog,HPMI,Andrej Sali,Vif hijacks CBF-β to degrade APOBEC3G and promote HIV-1 infection.,"viral context plus mechanism-rich title/abstract: hiv, virus, viral, hiv, interaction, restriction factor",cached_normalized,pmc_xml,hiv,rhesus_macaques,proteomics;genetic_perturbation,,,,,false,false,false,medium,low,high,tier_2
pmid-21876670,21876670,2011,pi-backlog,HPMI,Melanie Ott,Activation of HIV transcription by the viral Tat protein requires a demethylation step mediated by lysine-specific demethylase 1 (LSD1/KDM1).,"viral context plus mechanism-rich title/abstract: hiv, viral, hiv, interaction, interactions",cached_normalized,pmc_xml,hiv,HEK293T_cells;primary_CD4_T_cells,proteomics;genetic_perturbation,,,,,false,false,false,medium,low,high,tier_2
pmid-34519533,34519533,2021,hpmi,HPMI,,Target Discovery for Host-Directed Antiviral Therapies: Application of Proteomics Approaches.,"explicit cross-virus/shared-host full-text language: cross virus, multiple viruses, shared host, pan-viral",cached_normalized,pmc_xml,sars_cov_2;coronavirus_general,human_patients,AP-MS_interactome;proximity_labeling;proteomics;phosphoproteomics;transcriptomics;CRISPR_screen;protein_interaction_mapping;network_analysis;imaging,,,,,false,false,false,medium,high,high,tier_2
pmid-33464917,33464917,2021,hpmi,HPMI,,Proteomic Approaches to Study SARS-CoV-2 Biology and COVID-19 Pathology.,"virus-focused title/abstract plus weaker cross-virus framing in body: species barriers, coronavirus, sars-cov-2, sars, covid-19, pathway",cached_normalized,pmc_xml,sars_cov_2;coronavirus_general,A549_cells;HEK293T_cells;Huh7_cells;Vero_E6_cells;human_lung_tissue;mice;bat_cells_or_hosts;human_patients,AP-MS_interactome;proximity_labeling;proteomics;phosphoproteomics;transcriptomics;protein_interaction_mapping;network_analysis;imaging;genetic_perturbation,,,,,false,false,false,medium,high,high,tier_2
pmid-32553580,32553580,2021,pi-backlog,HPMI,Melanie Ott,An 'Arms Race' between the Nonsense-mediated mRNA Decay Pathway and Viral Infections.,"viral context plus mechanism-rich title/abstract: viral, pathway, interaction, interactions",cached_normalized,pmc_xml,,macrophages;mice,CRISPR_screen;genetic_perturbation,,,,,false,false,false,medium,high,high,tier_2
pmid-32995787,32995787,2020,hpmi,HPMI,,Functional genomic screens identify human host factors for SARS-CoV-2 and common cold coronaviruses.,explicit cross-virus/shared-host full-text language: multiple viruses,cached_normalized,pmc_xml,sars_cov_2;coronavirus_general,A549_cells;Huh7_cells;Vero_E6_cells;mice,proteomics;single_cell;CRISPR_screen;protein_interaction_mapping;network_analysis;imaging,,,,,false,false,false,medium,high,high,tier_2
pmid-30550789,30550789,2018,hpmi,HPMI,,Protein Interaction Mapping Identifies RBBP6 as a Negative Regulator of Ebola Virus Replication.,"viral context plus mechanism-rich title/abstract: ebola, virus, viral, ebola, pathway, pathways",cached_normalized,pmc_xml,ebola,HEK293T_cells;Huh7_cells;Vero_E6_cells;PBMCs;macrophages;mice,AP-MS_interactome;proteomics;protein_interaction_mapping;network_analysis;imaging;genetic_perturbation,,,,,false,false,false,medium,high,high,tier_2
pmid-30401782,30401782,2018,pi-backlog,HPMI,Melanie Ott,The Cellular NMD Pathway Restricts Zika Virus Infection and Is Targeted by the Viral Capsid Protein.,"viral context plus mechanism-rich title/abstract: zika, virus, viral, zika, pathway, interaction",cached_normalized,pmc_xml,zika,HEK293T_cells;Huh7_cells;Vero_E6_cells;mice;human_patients,AP-MS_interactome;proteomics;transcriptomics;imaging;genetic_perturbation,,,,,false,false,false,medium,high,high,tier_2
pmid-29391557,29391557,2018,pi-backlog,SYBIL,Adolfo Garcia-Sastre,SMARCA2-regulated host cell factors are required for MxA restriction of influenza A viruses.,"viral context plus mechanism-rich title/abstract: influenza, h5n1, virus, viral, influenza, screen",cached_normalized,pmc_xml,influenza_a,A549_cells;human_lung_tissue;airway_epithelium;mice,proteomics;transcriptomics;CRISPR_screen;protein_interaction_mapping;network_analysis;genetic_perturbation,,,,,false,false,false,medium,high,high,tier_2
pmid-28869005,28869005,2017,pi-backlog,SYBIL,Adolfo Garcia-Sastre,Human interactome of the influenza B virus NS1 protein.,"viral context plus mechanism-rich title/abstract: influenza, virus, influenza, interactome, replication",cached_normalized,pmc_xml,influenza_a,A549_cells;Vero_E6_cells,proteomics;protein_interaction_mapping;genetic_perturbation,,,,,false,false,false,medium,high,high,tier_2
pmid-27783955,27783955,2016,pi-backlog,HPMI,Jennifer Doudna,A Cas9 Ribonucleoprotein Platform for Functional Genetic Studies of HIV-Host Interactions in Primary Human T Cells.,"viral context plus mechanism-rich title/abstract: hiv, viral, hiv, host factor, host factors, interaction",cached_normalized,pmc_xml,hiv,primary_CD4_T_cells;mice;human_patients,AP-MS_interactome;proteomics;single_cell;CRISPR_screen;protein_interaction_mapping;genetic_perturbation,,,,,false,false,false,medium,high,high,tier_2
pmid-26789921,26789921,2016,pi-backlog,SYBIL,Adolfo Garcia-Sastre,"Targeting Viral Proteostasis Limits Influenza Virus, HIV, and Dengue Virus Infection.","explicit cross-virus/shared-host full-text language: multiple viruses, pan-viral",cached_normalized,pmc_xml,hiv;dengue,A549_cells;HEK293T_cells;human_lung_tissue;mice,AP-MS_interactome;proteomics;protein_interaction_mapping;network_analysis;genetic_perturbation,,,,,false,false,false,medium,high,high,tier_2
pmid-26651948,26651948,2015,pi-backlog,SYBIL;HPMI,Adolfo Garcia-Sastre;Nevan Krogan,"Meta- and Orthogonal Integration of Influenza ""OMICs"" Data Defines a Role for UBR4 in Virus Budding.","viral context plus mechanism-rich title/abstract: influenza, virus, viral, influenza, interaction, interactions",cached_normalized,pmc_xml,influenza_a,A549_cells;HEK293T_cells;human_lung_tissue;mice;human_patients,AP-MS_interactome;proteomics;single_cell;CRISPR_screen;protein_interaction_mapping;network_analysis;imaging;genetic_perturbation,,,,,false,false,false,medium,high,high,tier_2
pmid-26329395,26329395,2015,pi-backlog,HPMI,Melanie Ott,Manipulation of the host protein acetylation network by human immunodeficiency virus type 1.,explicit cross-virus/shared-host full-text language: conserved host,cached_normalized,pmc_xml,hiv,macrophages;mice;human_patients,proteomics;network_analysis,,,,,false,false,false,medium,high,high,tier_2
pmid-25616068,25616068,2015,pi-backlog,HPMI,Melanie Ott,A combined proteomics/genomics approach links hepatitis C virus infection with nonsense-mediated mRNA decay.,explicit cross-virus/shared-host full-text language: multiple viruses,cached_normalized,pmc_xml,hcv,HEK293T_cells;Huh7_cells,AP-MS_interactome;proteomics;transcriptomics;protein_interaction_mapping;network_analysis;genetic_perturbation,,,,,false,false,false,medium,high,high,tier_2
pmid-24237697,24237697,2013,pi-backlog,SYBIL,Adolfo Garcia-Sastre,Type I interferon imposes a TSG101/ISG15 checkpoint at the Golgi for glycoprotein trafficking during influenza virus infection.,"viral context plus mechanism-rich title/abstract: influenza, virus, influenza, pathway, pathways, crispr",cached_normalized,pmc_xml,influenza_a,A549_cells;HEK293T_cells;Vero_E6_cells;human_lung_tissue;mice,CRISPR_screen;network_analysis;imaging,,,,,false,false,false,medium,high,high,tier_2
pmid-23825951,23825951,2013,pi-backlog,SYBIL,Adolfo Garcia-Sastre,Cellular RNA binding proteins NS1-BP and hnRNP K regulate influenza A virus RNA splicing.,"viral context plus mechanism-rich title/abstract: influenza, virus, viral, influenza, proteomics, replication",cached_normalized,pmc_xml,influenza_a,A549_cells;human_lung_tissue;mice,proteomics;protein_interaction_mapping;imaging;genetic_perturbation,,,,,false,false,false,medium,high,high,tier_2
pmid-23593007,23593007,2013,pi-backlog,HPMI,Melanie Ott,Lipid droplet-binding protein TIP47 regulates hepatitis C Virus RNA replication through interaction with the viral NS5A protein.,"viral context plus mechanism-rich title/abstract: hcv, hepatitis c virus, virus, viral, interaction, screen",cached_normalized,pmc_xml,hcv,HEK293T_cells;Huh7_cells;mice,imaging;genetic_perturbation,,,,,false,false,false,medium,high,high,tier_2
pmid-21846828,21846828,2011,pi-backlog,SYBIL,Adolfo Garcia-Sastre,Host- and strain-specific regulation of influenza virus polymerase activity by interacting cellular proteins.,"virus-focused title/abstract plus weaker cross-virus framing in body: host adaptation, influenza, h1n1, h5n1, interaction, interactions",cached_normalized,pmc_xml,influenza_a,A549_cells;HEK293T_cells;human_lung_tissue;mice,proteomics;protein_interaction_mapping;network_analysis;imaging;genetic_perturbation,,,,,false,false,false,medium,high,high,tier_2
pmid-18854154,18854154,2008,pi-backlog,HPMI,Trey Ideker,Global analysis of host-pathogen interactions that regulate early-stage HIV-1 replication.,"viral context plus mechanism-rich title/abstract: hiv, virus, viral, hiv, interaction, interactions",cached_normalized,pmc_xml,hiv,HEK293T_cells;macrophages;mice,protein_interaction_mapping;network_analysis,,,,,false,false,false,medium,high,high,tier_2
pmid-33501437,33501437,2021,hpmi,HPMI,,Host-directed therapies against early-lineage SARS-CoV-2 retain efficacy against B.1.1.7 variant.,"virus-focused title/abstract plus weaker cross-virus framing in body: broad-spectrum, coronavirus, sars-cov-2, sars, covid-19, epithelial",cached_normalized,pmc_xml,sars_cov_2;coronavirus_general,Calu-3_cells;Vero_E6_cells;human_lung_tissue;mice;human_patients,network_analysis,,,,,false,false,false,low,high,high,tier_2
pmid-32747391,32747391,2020,current-program,,,Pathogenesis of COVID-19-induced ARDS: implications for an ageing population.,"viral context plus mechanism-rich title/abstract: influenza, coronavirus, sars-cov-2, sars, covid-19, virus",cached_normalized,pmc_xml,influenza_a;sars_cov_2;coronavirus_general,macrophages;human_lung_tissue;airway_epithelium;mice;human_patients,imaging,,,,,false,false,false,low,high,high,tier_2
pmid-31851929,31851929,2019,pi-backlog,SYBIL,Adolfo Garcia-Sastre,Viral Fitness Landscapes in Diverse Host Species Reveal Multiple Evolutionary Lines for the NS1 Gene of Influenza A Viruses.,explicit cross-virus/shared-host full-text language: conserved host,cached_normalized,pmc_xml,influenza_a,A549_cells;HEK293T_cells;human_lung_tissue;mice;human_patients,network_analysis,,,,,false,false,false,low,high,high,tier_2
pmid-21075352,21075352,2010,pi-backlog,SYBIL,Adolfo Garcia-Sastre,Mouse STAT2 restricts early dengue virus replication.,"viral context plus mechanism-rich title/abstract: dengue, virus, viral, dengue, pathway, replication",cached_normalized,pmc_xml,dengue,HEK293T_cells;Vero_E6_cells;macrophages;mice;hamsters;human_patients,,,,,,false,false,false,low,high,high,tier_2
pmid-37901225,37901225,2023,current-program,,,Hypercapnia increases ACE2 expression and pseudo-SARS-CoV-2 entry in bronchial epithelial cells by augmenting cellular cholesterol.,"viral context plus mechanism-rich title/abstract: influenza, coronavirus, sars-cov-2, sars, virus, viral",cached_normalized,pmc_xml,influenza_a;sars_cov_2;coronavirus_general,Vero_E6_cells;macrophages;human_lung_tissue;airway_epithelium;mice;human_patients,transcriptomics;single_cell;imaging,GEO,GEO:GSE110362,,,true,true,false,high,low,low,tier_2
pmid-35291294,35291294,2022,pi-backlog,HPMI,Nevan Krogan,Low expression of EXOSC2 protects against clinical COVID-19 and impedes SARS-CoV-2 replication.,"viral context plus mechanism-rich title/abstract: sars-cov-2, sars, covid-19, virus, viral, sars-cov-2",cached_normalized,pmc_xml,sars_cov_2,Calu-3_cells;HEK293T_cells;Vero_E6_cells;human_lung_tissue;human_patients,proteomics;CRISPR_screen;genetic_perturbation,PRIDE,PRIDE:PXD031611,,,true,true,false,high,low,low,tier_2
pmid-33979618,33979618,2021,hpmi,HPMI,,Efficient generation of isogenic primary human myeloid cells using CRISPR-Cas9 ribonucleoproteins.,"viral context plus mechanism-rich title/abstract: hiv, hiv, interaction, interactions, crispr, restriction factor",cached_normalized,pmc_xml,hiv,HEK293T_cells;PBMCs;macrophages;mice,transcriptomics;CRISPR_screen;imaging;genetic_perturbation,BioProject,BioProject:PRJNA684421,,,true,true,false,high,low,low,tier_2
pmid-39975920,39975920,2025,pi-backlog,SYBIL,Michael Schotsaert,Muscle macrophage regenerative response after squalene-adjuvanted influenza vaccination drives Th2-skewed response and is reduced with age.,"viral context plus mechanism-rich title/abstract: influenza, virus, viral, influenza, host response, pathway",cached_normalized,pmc_xml,,macrophages;mice,,,,,,false,false,false,unknown,medium,high,tier_3
pmid-37804247,37804247,2024,current-program,,,The Third Annual Symposium of the Midwest Aging Consortium.,"viral context plus mechanism-rich title/abstract: virus, pathway, pathways",cached_normalized,pmc_xml,,,,,,,,false,false,false,unknown,medium,high,tier_3
pmid-35632848,35632848,2022,pi-backlog,SYBIL,Adolfo Garcia-Sastre,"Type I and Type II Interferon Antagonism Strategies Used by Paramyxoviridae: Previous and New Discoveries, in Comparison.","viral context plus mechanism-rich title/abstract: virus, viral, pathway, replication",cached_normalized,pmc_xml,,macrophages;ferrets;hamsters;bat_cells_or_hosts,,,,,,false,false,false,unknown,medium,high,tier_3
pmid-24284630,24284630,2014,pi-backlog,SYBIL,Adolfo Garcia-Sastre,Pan-viral specificity of IFN-induced genes reveals new roles for cGAS in innate immunity.,explicit cross-virus/shared-host full-text language: pan-viral,cached_normalized,pmc_xml,,HEK293T_cells;Huh7_cells;Vero_E6_cells;macrophages;mice,genetic_perturbation,,,,,false,false,false,unknown,medium,high,tier_3
pmid-20610653,20610653,2010,pi-backlog,SYBIL,Adolfo Garcia-Sastre,NF-kappa B RelA subunit is crucial for early IFN-beta expression and resistance to RNA virus replication.,"viral context plus mechanism-rich title/abstract: virus, host response, pathway, pathways, replication",cached_normalized,pmc_xml,,HEK293T_cells;mice,,,,,,false,false,false,unknown,medium,high,tier_3
pmid-19706713,19706713,2009,pi-backlog,SYBIL,Adolfo Garcia-Sastre,The NS1 protein of the 1918 pandemic influenza virus blocks host interferon and lipid metabolism pathways.,"viral context plus mechanism-rich title/abstract: influenza, virus, viral, influenza, host response, pathway",cached_normalized,pmc_xml,,human_lung_tissue,network_analysis,,,,,false,false,false,unknown,medium,high,tier_3
pmid-19521506,19521506,2009,pi-backlog,SYBIL,Adolfo Garcia-Sastre,Influenza B virus ribonucleoprotein is a potent activator of the antiviral kinase PKR.,"viral context plus mechanism-rich title/abstract: influenza, virus, viral, influenza, interaction, replication",cached_normalized,pmc_xml,,A549_cells;HEK293T_cells;mice,imaging,,,,,false,false,false,unknown,medium,high,tier_3
pmid-17965094,17965094,2008,pi-backlog,SYBIL,Adolfo Garcia-Sastre,BioHealthBase: informatics support in the elucidation of influenza virus host pathogen interactions and virulence.,"viral context plus mechanism-rich title/abstract: influenza, virus, influenza, pathway, interaction, interactions",cached_normalized,pmc_xml,,mice;human_patients,,,,,,false,false,false,unknown,medium,high,tier_3
pmid-17703413,17703413,2007,pi-backlog,SYBIL,Adolfo Garcia-Sastre,alpha-Defensin inhibits influenza virus replication by cell-mediated mechanism(s).,"viral context plus mechanism-rich title/abstract: influenza, virus, viral, influenza, host response, pathway",cached_normalized,pdf_grobid,,A549_cells;airway_epithelium;mice,,,,,,false,false,false,unknown,medium,high,tier_3
pmid-17006449,17006449,2006,pi-backlog,SYBIL,Adolfo Garcia-Sastre,Genomic analysis of increased host immune and cell death responses induced by 1918 influenza virus.,"viral context plus mechanism-rich title/abstract: influenza, virus, viral, influenza, host response, pathway",cached_normalized,pmc_xml,,mice,,,,,,false,false,false,unknown,medium,high,tier_3
pmid-39645657,39645657,2024,current-program,,,"Vimentin modulates regulatory T cell receptor-ligand interactions at distal pole complex, leading to dysregulated host response to viral pneumonia.","viral context plus mechanism-rich title/abstract: influenza, viral, influenza, host response, interaction, interactions",cached_normalized,pmc_xml,,mice;human_patients,,,,,,false,false,false,unknown,low,high,tier_3
pmid-39187718,39187718,2024,hpmi,HPMI,,Birth of protein folds and functions in the virome.,"viral context plus mechanism-rich title/abstract: virus, viral, interaction, interactions, immune evasion, replication",cached_normalized,pmc_xml,,,,,,,,false,false,false,unknown,low,high,tier_3
pmid-34512601,34512601,2021,pi-backlog,SYBIL,Adolfo Garcia-Sastre,African Swine Fever Virus Induces STAT1 and STAT2 Degradation to Counteract IFN-I Signaling.,"viral context plus mechanism-rich title/abstract: virus, viral, pathway, replication",cached_normalized,pmc_xml,,macrophages;mice,imaging,,,,,false,false,false,unknown,low,high,tier_3
pmid-32522852,32522852,2020,pi-backlog,SYBIL,Adolfo Garcia-Sastre,A Genome-Wide CRISPR-Cas9 Screen Reveals the Requirement of Host Cell Sulfation for Schmallenberg Virus Infection.,"viral context plus mechanism-rich title/abstract: virus, interaction, interactions, screen, crispr, dependency",cached_normalized,pmc_xml,,,CRISPR_screen,,,,,false,false,false,unknown,low,high,tier_3
pmid-30538201,30538201,2018,pi-backlog,SYBIL,Adolfo Garcia-Sastre,Structural-functional interactions of NS1-BP protein with the splicing and mRNA export machineries for viral and host gene expression.,"viral context plus mechanism-rich title/abstract: influenza, virus, viral, influenza, interaction, interactions",cached_normalized,pmc_xml,,,,,,,,false,false,false,unknown,low,high,tier_3
pmid-29321315,29321315,2018,pi-backlog,SYBIL,Adolfo Garcia-Sastre,Paramyxovirus V Proteins Interact with the RIG-I/TRIM25 Regulatory Complex and Inhibit RIG-I Signaling.,"viral context plus mechanism-rich title/abstract: influenza, virus, viral, influenza, pathway, interaction",cached_normalized,pmc_xml,,,,,,,,false,false,false,unknown,low,high,tier_3
pmid-27116236,27116236,2016,pi-backlog,SYBIL,Adolfo Garcia-Sastre,Antiviral Role of IFITM Proteins in African Swine Fever Virus Infection.,"viral context plus mechanism-rich title/abstract: virus, viral, pathway, restriction factor",cached_normalized,pmc_xml,,HEK293T_cells;Vero_E6_cells;macrophages;mice,imaging,,,,,false,false,false,unknown,low,high,tier_3
pmid-26223644,26223644,2015,pi-backlog,SYBIL,Adolfo Garcia-Sastre,RIG-I Mediates an Antiviral Response to Crimean-Congo Hemorrhagic Fever Virus.,"viral context plus mechanism-rich title/abstract: virus, viral, pathway, replication",cached_normalized,pmc_xml,,,,,,,,false,false,false,unknown,low,high,tier_3
pmid-26153856,26153856,2015,pi-backlog,SYBIL,Adolfo Garcia-Sastre,Corrigendum: Pan-viral specificity of IFN-induced genes reveals new roles for cGAS in innate immunity.,"explicit cross-virus/shared-host full-text language: multiple viruses, pan-viral",cached_normalized,pmc_xml,,,,,,,,false,false,false,unknown,low,high,tier_3
pmid-25389186,25389186,2015,pi-backlog,SYBIL,Adolfo Garcia-Sastre,Mapping of the interaction domains of the Crimean-Congo hemorrhagic fever virus nucleocapsid protein.,"viral context plus mechanism-rich title/abstract: virus, viral, interaction, interactions, replication",cached_normalized,pmc_xml,,,,,,,,false,false,false,unknown,low,high,tier_3
pmid-21917972,21917972,2011,pi-backlog,SYBIL,Adolfo Garcia-Sastre,Major histocompatibility complex class II expression and hemagglutinin subtype influence the infectivity of type A influenza virus for respiratory dendritic cells.,"viral context plus mechanism-rich title/abstract: influenza, virus, viral, influenza, interaction, macrophage",cached_normalized,pmc_xml,,macrophages;mice,,,,,,false,false,false,unknown,low,high,tier_3
pmid-20219937,20219937,2010,pi-backlog,SYBIL,Adolfo Garcia-Sastre,Species-specific antagonism of host ISGylation by the influenza B virus NS1 protein.,"viral context plus mechanism-rich title/abstract: influenza, virus, influenza, interaction, replication",cached_normalized,pmc_xml,,mice,,,,,,false,false,false,unknown,low,high,tier_3
pmid-20071582,20071582,2010,pi-backlog,SYBIL,Adolfo Garcia-Sastre,Phosphorylation-mediated negative regulation of RIG-I antiviral activity.,"viral context plus mechanism-rich title/abstract: virus, viral, interaction, replication",cached_normalized,pmc_xml,,,proteomics,,,,,false,false,false,unknown,low,high,tier_3
pmid-19019947,19019947,2009,pi-backlog,SYBIL,Adolfo Garcia-Sastre,Hantaan virus nucleocapsid protein binds to importin alpha proteins and inhibits tumor necrosis factor alpha-induced activation of nuclear factor kappa B.,explicit cross-virus/shared-host full-text language: multiple viruses,cached_normalized,pmc_xml,,human_patients,,,,,,false,false,false,unknown,low,high,tier_3
pmid-41459948,41459948,2026,pi-backlog,SYBIL,Michael Schotsaert,Disease modulation by TIV vaccination during secondary pneumococcal infections in influenza-infected mice.,"viral context plus mechanism-rich title/abstract: influenza, h1n1, virus, viral, influenza, host response",cached_normalized,pmc_xml,influenza_a,macrophages;human_lung_tissue;mice;hamsters;human_patients,single_cell,,,,,false,false,false,low,medium,high,tier_3
pmid-40627391,40627391,2025,pi-backlog,SYBIL,Adolfo Garcia-Sastre,BIK polymorphism and proteasome regulation unveil host risk factor for severe influenza.,"viral context plus mechanism-rich title/abstract: influenza, virus, viral, influenza, host factor, host factors",cached_normalized,pmc_xml,influenza_a,NHBE_cells;airway_epithelium;mice;human_patients,,,,,,false,false,false,low,medium,high,tier_3
pmid-39138384,39138384,2024,current-program,CViSB,Donald S Grant;Richard Wunderink,Distinctive evolution of alveolar T cell responses is associated with clinical outcomes in unvaccinated patients with SARS-CoV-2 pneumonia.,"viral context plus mechanism-rich title/abstract: sars-cov-2, sars, sars-cov-2, sars, pathway, pathways",cached_normalized,pmc_xml,sars_cov_2;coronavirus_general,human_patients,,,,,,false,false,false,low,medium,high,tier_3
pmid-39026801,39026801,2024,pi-backlog,SYBIL;HPMI,Adolfo Garcia-Sastre;Trey Ideker,Global siRNA Screen Reveals Critical Human Host Factors of SARS-CoV-2 Multicycle Replication.,"viral context plus mechanism-rich title/abstract: coronavirus, sars-cov-2, sars, virus, viral, coronavirus",cached_normalized,pmc_xml,sars_cov_2;coronavirus_general,,CRISPR_screen,,,,,false,false,false,low,medium,high,tier_3
pmid-38768348,38768348,2024,pi-backlog,SYBIL,Adolfo Garcia-Sastre,Inhibition of mRNA nuclear export promotes SARS-CoV-2 pathogenesis.,"viral context plus mechanism-rich title/abstract: coronavirus, sars-cov-2, sars, virus, viral, coronavirus",cached_normalized,pmc_xml,sars_cov_2;coronavirus_general,,,,,,,false,false,false,low,medium,high,tier_3
pmid-38648902,38648902,2024,pi-backlog,SYBIL,Adolfo Garcia-Sastre;Michael Schotsaert,The IRE1α-XBP1 arm of the unfolded protein response is a host factor activated in SARS-CoV-2 infection.,"viral context plus mechanism-rich title/abstract: sars-cov-2, sars, viral, sars-cov-2, sars, host factor",cached_normalized,pmc_xml,sars_cov_2,human_lung_tissue;mice;hamsters,,,,,,false,false,false,low,medium,high,tier_3
pmid-37738970,37738970,2023,hpmi,HPMI,,SARS-CoV-2 variants evolve convergent strategies to remodel the host response.,"explicit cross-virus/shared-host full-text language: cross virus, conserved host",cached_normalized,pmc_xml,sars_cov_2,,,,,,,false,false,false,low,medium,high,tier_3
pmid-37252360,37252360,2023,current-program,SCRIPT,Alan Hauser,Lectin Fingerprinting Distinguishes Antibody Neutralization in SARS-CoV-2.,"viral context plus mechanism-rich title/abstract: sars-cov-2, sars, virus, viral, sars-cov-2, sars",cached_normalized,pmc_xml,sars_cov_2,mice;human_patients,,,,,,false,false,false,low,medium,high,tier_3
pmid-36299428,36299428,2022,pi-backlog,SYBIL,Adolfo Garcia-Sastre,Impact of SARS-CoV-2 ORF6 and its variant polymorphisms on host responses and viral pathogenesis.,"viral context plus mechanism-rich title/abstract: sars-cov-2, sars, virus, viral, sars-cov-2, sars",cached_normalized,pmc_xml,sars_cov_2,hamsters,,,,,,false,false,false,low,medium,high,tier_3
pmid-35985635,35985635,2022,pi-backlog,HPMI,Melanie Ott,Catching BETs by viruses.,"viral context plus mechanism-rich title/abstract: sars-cov-2, sars, virus, viral, sars-cov-2, sars",cached_normalized,pmc_xml,sars_cov_2,human_patients,,,,,,false,false,false,low,medium,high,tier_3
pmid-33243278,33243278,2020,current-program,CViSB,Robert Garry;Donald S Grant,Elevated L-threonine is a biomarker for Lassa fever and Ebola.,"viral context plus mechanism-rich title/abstract: ebola, virus, viral, ebola, pathway, pathways",cached_normalized,pmc_xml,ebola,human_patients,proteomics,,,,,false,false,false,low,medium,high,tier_3
pmid-32822681,32822681,2020,pi-backlog,SYBIL,Adolfo Garcia-Sastre,A novel SUMOylation site in the influenza a virus NS1 protein identified with a highly sensitive FRET assay.,"virus-focused title/abstract plus weaker cross-virus framing in body: species barriers, influenza, h1n1, interaction, replication",cached_normalized,pdf_grobid,influenza_a,,genetic_perturbation,,,,,false,false,false,low,medium,high,tier_3
pmid-32444466,32444466,2020,hpmi,HPMI,,The Landscape of Human Cancer Proteins Targeted by SARS-CoV-2.,"viral context plus mechanism-rich title/abstract: sars-cov-2, sars, covid-19, virus, sars-cov-2, sars",cached_normalized,pmc_xml,sars_cov_2,,,,,,,false,false,false,low,medium,high,tier_3
pmid-31921042,31921042,2019,pi-backlog,SYBIL,Adolfo Garcia-Sastre,"Functional Characterization and Direct Comparison of Influenza A, B, C, and D NS1 Proteins in vitro and in vivo.","viral context plus mechanism-rich title/abstract: influenza, virus, viral, influenza, host factor, host factors",cached_normalized,pmc_xml,influenza_a,A549_cells;HEK293T_cells;human_lung_tissue;mice;bat_cells_or_hosts,,,,,,false,false,false,low,medium,high,tier_3
pmid-30111569,30111569,2018,pi-backlog,SYBIL,Adolfo Garcia-Sastre,Transcriptome Analysis of Infected and Bystander Type 2 Alveolar Epithelial Cells during Influenza A Virus Infection Reveals In Vivo Wnt Pathway Downregulation.,"viral context plus mechanism-rich title/abstract: influenza, virus, viral, influenza, pathway, pathways",cached_normalized,pmc_xml,influenza_a,mice,,,,,,false,false,false,low,medium,high,tier_3
pmid-27807226,27807226,2017,pi-backlog,SYBIL,Adolfo Garcia-Sastre,"Subcellular Localizations of RIG-I, TRIM25, and MAVS Complexes.","viral context plus mechanism-rich title/abstract: influenza, hepatitis c virus, virus, viral, influenza, pathway",cached_normalized,pmc_xml,influenza_a;hcv,,imaging,,,,,false,false,false,low,medium,high,tier_3
pmid-26178989,26178989,2015,pi-backlog,SYBIL,Adolfo Garcia-Sastre,HIV Vpu Interferes with NF-κB Activity but Not with Interferon Regulatory Factor 3.,"viral context plus mechanism-rich title/abstract: hiv, viral, hiv, host response, pathway, pathways",cached_normalized,pmc_xml,hiv,macrophages,,,,,,false,false,false,low,medium,high,tier_3
pmid-25211074,25211074,2014,pi-backlog,SYBIL,Adolfo Garcia-Sastre,The interferon signaling antagonist function of yellow fever virus NS5 protein is activated by type I interferon.,"viral context plus mechanism-rich title/abstract: yellow fever virus, flavivirus, virus, viral, yellow fever virus, pathway",cached_normalized,pmc_xml,yellow_fever;flavivirus_general,HEK293T_cells;Vero_E6_cells,genetic_perturbation,,,,,false,false,false,low,medium,high,tier_3
pmid-23145065,23145065,2012,pi-backlog,SYBIL,Adolfo Garcia-Sastre,Identification of small molecules with type I interferon inducing properties by high-throughput screening.,"virus-focused title/abstract plus weaker cross-virus framing in body: broad-spectrum, influenza, hepatitis c virus, screen, epithelial",cached_normalized,pmc_xml,influenza_a;hcv,A549_cells;HEK293T_cells;Vero_E6_cells;human_lung_tissue;mice;human_patients,imaging,,,,,false,false,false,low,medium,high,tier_3
pmid-21852950,21852950,2011,pi-backlog,SYBIL,Adolfo Garcia-Sastre,Differential contribution of PB1-F2 to the virulence of highly pathogenic H5N1 influenza A virus in mammalian and avian species.,"virus-focused title/abstract plus weaker cross-virus framing in body: species barriers, influenza, h5n1, replication",cached_normalized,pmc_xml,influenza_a,HEK293T_cells;macrophages;mice;ferrets;human_patients,imaging,,,,,false,false,false,low,medium,high,tier_3
pmid-21593271,21593271,2011,pi-backlog,SYBIL,Adolfo Garcia-Sastre,The NS1 protein of influenza A virus suppresses interferon-regulated activation of antigen-presentation and immune-proteasome pathways.,"viral context plus mechanism-rich title/abstract: influenza, h1n1, virus, viral, influenza, host response",cached_normalized,pmc_xml,influenza_a,human_lung_tissue,,,,,,false,false,false,low,medium,high,tier_3
pmid-21464929,21464929,2011,pi-backlog,SYBIL,Adolfo Garcia-Sastre,A transient homotypic interaction model for the influenza A virus NS1 protein effector domain.,"viral context plus mechanism-rich title/abstract: influenza, virus, influenza, host factor, host factors, interaction",cached_normalized,pmc_xml,influenza_a,HEK293T_cells;mice,imaging,,,,,false,false,false,low,medium,high,tier_3
pmid-20617177,20617177,2010,pi-backlog,HPMI,Melanie Ott,Adaptation of hepatitis C virus to mouse CD81 permits infection of mouse cells in the absence of human entry factors.,"viral context plus mechanism-rich title/abstract: hcv, hepatitis c virus, virus, host factor, host factors, interaction",cached_normalized,pmc_xml,hcv,HEK293T_cells;Huh7_cells;mice;hamsters;human_patients,,,,,,false,false,false,low,medium,high,tier_3
pmid-20027183,20027183,2010,pi-backlog,SYBIL;HPMI,Adolfo Garcia-Sastre;Trey Ideker,Human host factors required for influenza virus replication.,"viral context plus mechanism-rich title/abstract: influenza, h1n1, virus, viral, influenza, host factor",cached_normalized,pmc_xml,influenza_a,A549_cells;Vero_E6_cells,network_analysis,,,,,false,false,false,low,medium,high,tier_3
pmid-17094252,17094252,2006,pi-backlog,HPMI,Trey Ideker,Discovering regulated networks during HIV-1 latency and reactivation.,"viral context plus mechanism-rich title/abstract: hiv, virus, viral, hiv, pathway, pathways",cached_normalized,pmc_xml,hiv,,network_analysis,,,,,false,false,false,low,medium,high,tier_3
pmid-16352563,16352563,2006,pi-backlog,SYBIL,Adolfo Garcia-Sastre,Prostate tumor cells infected with a recombinant influenza virus expressing a truncated NS1 protein activate cytolytic CD8+ cells to recognize noninfected tumor cells.,"viral context plus mechanism-rich title/abstract: influenza, virus, viral, influenza, pathway, pathways",cached_normalized,pmc_xml,influenza_a,PBMCs,,,,,,false,false,false,low,medium,high,tier_3
pmid-42454370,42454370,2026,pi-backlog,SYBIL,Adolfo Garcia-Sastre,A potential RNA-RNA distal interaction competing with a functional pseudoknot in the 3'-untranslated region of SARS-like coronaviruses.,"viral context plus mechanism-rich title/abstract: coronavirus, sars-cov-2, sars, virus, viral, coronavirus",cached_normalized,pmc_xml,sars_cov_2;coronavirus_general,Vero_E6_cells;mice;bat_cells_or_hosts,,,,,,false,false,false,low,low,high,tier_3
pmid-42244653,42244653,2026,pi-backlog,SYBIL,Sumit Chanda,Substrate and target selectivity of 4'-fluoroadenosine against viral and host polymerases.,"virus-focused title/abstract plus weaker cross-virus framing in body: broad-spectrum, coronavirus, sars-cov-2, sars, interaction, interactions",cached_normalized,pmc_xml,sars_cov_2;coronavirus_general,,,,,,,false,false,false,low,low,high,tier_3
pmid-42067193,42067193,2026,pi-backlog,HPMI,Melanie Ott,Repurposing drug screen for the identification of helicase inhibitors from viruses of pandemic concern.,"explicit cross-virus/shared-host full-text language: multiple viruses, pan-viral",cached_normalized,pmc_xml,sars_cov_2;coronavirus_general;yellow_fever;flavivirus_general,A549_cells;HEK293T_cells;Vero_E6_cells;hamsters;human_patients,network_analysis,,,,,false,false,false,low,low,high,tier_3
pmid-41554267,41554267,2026,pi-backlog,SYBIL,Sumit Chanda,"ALG-000184 (pevifoscorvir sodium) monotherapy in participants with chronic HBV infection: a phase 1, multicentre, randomised, dose escalation trial.","viral context plus mechanism-rich title/abstract: hepatitis b virus, hbv, virus, viral, hepatitis b virus, hbv",cached_normalized,pdf_grobid,hbv,human_patients,,,,,,false,false,false,low,low,high,tier_3
pmid-41279668,41279668,2025,pi-backlog,SYBIL,Michael Schotsaert,Disease modulation by TIV vaccination during secondary pneumococcal infections in influenza-infected mice.,"viral context plus mechanism-rich title/abstract: influenza, h1n1, virus, viral, influenza, host response",cached_normalized,pmc_xml,influenza_a,macrophages;mice;human_patients,,,,,,false,false,false,low,low,high,tier_3
pmid-40758871,40758871,2025,pi-backlog,SYBIL,Adolfo Garcia-Sastre,Influenza A virus NS1 protein mimics oncogenic PI3K resulting in isoform specific cellular redistribution and activation.,"viral context plus mechanism-rich title/abstract: influenza, virus, viral, influenza, interaction, interactions",cached_normalized,pmc_xml,influenza_a,,network_analysis,,,,,false,false,false,low,low,high,tier_3
pmid-40494346,40494346,2025,pi-backlog,HPMI,Melanie Ott,Neuroendocrine cells orchestrate regeneration through Desert hedgehog signaling.,"viral context plus mechanism-rich title/abstract: influenza, sars-cov-2, sars, influenza, sars-cov-2, sars",cached_normalized,pmc_xml,sars_cov_2,mice;human_patients,,,,,,false,false,false,low,low,high,tier_3
pmid-40339581,40339581,2025,current-program,,,The recency and geographical origins of the bat viruses ancestral to SARS-CoV and SARS-CoV-2.,"viral context plus mechanism-rich title/abstract: sars-cov-2, sars, virus, viral, sars-cov-2, sars",cached_normalized,pmc_xml,sars_cov_2;sars_cov_1,bat_cells_or_hosts,,,,,,false,false,false,low,low,high,tier_3
pmid-39868236,39868236,2025,current-program,CViSB,Donald S Grant,Tissue-resident skeletal muscle macrophages promote recovery from viral pneumonia-induced sarcopenia in normal aging.,"viral context plus mechanism-rich title/abstract: influenza, covid-19, viral, influenza, covid-19, interaction",cached_normalized,pmc_xml,influenza_a;sars_cov_2,macrophages;mice,,,,,,false,false,false,low,low,high,tier_3
pmid-39384042,39384042,2024,pi-backlog,SYBIL,Adolfo Garcia-Sastre,Cellular NS1-BP protein interacts with the mRNA export receptor NXF1 to mediate nuclear export of influenza virus M mRNAs.,"viral context plus mechanism-rich title/abstract: influenza, virus, viral, influenza, pathway, interaction",cached_normalized,pmc_xml,influenza_a,,,,,,,false,false,false,low,low,high,tier_3
pmid-38979204,38979204,2024,pi-backlog,SYBIL,Adolfo Garcia-Sastre,Broad-spectrum RNA antiviral inspired by ISG15 (-/-) deficiency.,"virus-focused title/abstract plus weaker cross-virus framing in body: broad-spectrum, influenza, sars-cov-2, sars, zika, replication",cached_normalized,pmc_xml,influenza_a;sars_cov_2;zika,mice;hamsters,,,,,,false,false,false,low,low,high,tier_3
pmid-38643200,38643200,2024,current-program,,,Deviations in RSV epidemiological patterns and population structures in the United States following the COVID-19 pandemic.,explicit cross-virus/shared-host full-text language: pan-viral,cached_normalized,pmc_xml,sars_cov_2;rsv,human_patients,,,,,,false,false,false,low,low,high,tier_3
pmid-38587193,38587193,2024,hpmi,HPMI,,Assembly of SARS-CoV-2 nucleocapsid protein with nucleic acid.,"viral context plus mechanism-rich title/abstract: sars-cov-2, sars, viral, sars-cov-2, sars, interaction",cached_normalized,pmc_xml,sars_cov_2,,,,,,,false,false,false,low,low,high,tier_3
pmid-38306481,38306481,2024,pi-backlog,UCLA-Persistent-BSI,Michael Yeaman,Viral afterlife: SARS-CoV-2 as a reservoir of immunomimetic peptides that reassemble into proinflammatory supramolecular complexes.,"viral context plus mechanism-rich title/abstract: coronavirus, sars-cov-2, sars, covid-19, virus, viral",cached_normalized,pmc_xml,sars_cov_2;coronavirus_general,macrophages;mice;human_patients,,,,,,false,false,false,low,low,high,tier_3
pmid-38301954,38301954,2024,current-program,,,Activity and inhibition of the SARS-CoV-2 Omicron nsp13 R392C variant using RNA duplex unwinding assays.,"viral context plus mechanism-rich title/abstract: sars-cov-2, sars, viral, sars-cov-2, sars, screen",cached_normalized,pmc_xml,sars_cov_2,,,,,,,false,false,false,low,low,high,tier_3
pmid-38045338,38045338,2023,hpmi,HPMI,,Assembly reactions of SARS-CoV-2 nucleocapsid protein with nucleic acid.,"viral context plus mechanism-rich title/abstract: sars-cov-2, sars, viral, sars-cov-2, sars, interaction",cached_normalized,pmc_xml,sars_cov_2,,,,,,,false,false,false,low,low,high,tier_3
pmid-37738983,37738983,2023,hpmi,HPMI,,Impact of SARS-CoV-2 ORF6 and its variant polymorphisms on host responses and viral pathogenesis.,"viral context plus mechanism-rich title/abstract: sars-cov-2, sars, virus, viral, sars-cov-2, sars",cached_normalized,pmc_xml,sars_cov_2;coronavirus_general,,,,,,,false,false,false,low,low,high,tier_3
pmid-37025664,37025664,2023,pi-backlog,HPMI,Melanie Ott,A covalent inhibitor targeting the papain-like protease from SARS-CoV-2 inhibits viral replication.,"viral context plus mechanism-rich title/abstract: sars-cov-2, sars, viral, sars-cov-2, sars, screen",cached_normalized,pmc_xml,sars_cov_2,mice,,,,,,false,false,false,low,low,high,tier_3
pmid-36827975,36827975,2023,pi-backlog,HPMI,Melanie Ott,"SARS-CoV-2 infection of airway organoids reveals conserved use of Tetraspanin-8 by Ancestral, Delta, and Omicron variants.",explicit cross-virus/shared-host full-text language: multiple viruses,cached_normalized,pmc_xml,influenza_a;sars_cov_2;coronavirus_general,airway_epithelium;organoids,,,,,,false,false,false,low,low,high,tier_3
pmid-35967877,35967877,2022,pi-backlog,SYBIL,Adolfo Garcia-Sastre,eIF5A is activated by virus infection or dsRNA and facilitates virus replication through modulation of interferon production.,"virus-focused title/abstract plus weaker cross-virus framing in body: broad-spectrum, influenza, zika, replication, macrophage",cached_normalized,pmc_xml,influenza_a;zika,A549_cells;Vero_E6_cells;macrophages;mice,imaging,,,,,false,false,false,low,low,high,tier_3
pmid-35899968,35899968,2022,current-program,,,De novo emergence of SARS-CoV-2 spike mutations in immunosuppressed patients.,"viral context plus mechanism-rich title/abstract: coronavirus, sars-cov-2, sars, virus, viral, coronavirus",cached_normalized,pmc_xml,coronavirus_general,PBMCs;human_patients,network_analysis,,,,,false,false,false,low,low,high,tier_3
pmid-33427208,33427208,2021,current-program,UCLA-Persistent-BSI,Melissa Johnson,Dissecting strategies to tune the therapeutic potential of SARS-CoV-2-specific monoclonal antibody CR3022.,"viral context plus mechanism-rich title/abstract: coronavirus, sars-cov-2, sars, virus, viral, coronavirus",cached_normalized,pmc_xml,sars_cov_2;coronavirus_general,Vero_E6_cells;macrophages;mice;hamsters;rhesus_macaques;human_patients,,,,,,false,false,false,low,low,high,tier_3
pmid-32661015,32661015,2021,pi-backlog,SYBIL,Adolfo Garcia-Sastre,Induction and Evasion of Type-I Interferon Responses during Influenza A Virus Infection.,"viral context plus mechanism-rich title/abstract: influenza, virus, viral, influenza, pathway, immune evasion",cached_normalized,pmc_xml,influenza_a,,,,,,,false,false,false,low,low,high,tier_3
pmid-31714898,31714898,2020,current-program,,,Linear ubiquitin assembly complex regulates lung epithelial-driven responses during influenza infection.,"viral context plus mechanism-rich title/abstract: influenza, virus, viral, influenza, host response, replication",cached_normalized,pmc_xml,influenza_a,mice;human_patients,,,,,,false,false,false,low,low,high,tier_3
pmid-31043530,31043530,2019,pi-backlog,SYBIL,Adolfo Garcia-Sastre,Host-Specific NS5 Ubiquitination Determines Yellow Fever Virus Tropism.,"viral context plus mechanism-rich title/abstract: dengue, zika, yellow fever virus, flavivirus, virus, viral",cached_normalized,pmc_xml,dengue;zika;yellow_fever;flavivirus_general,mice,,,,,,false,false,false,low,low,high,tier_3
pmid-30463968,30463968,2019,pi-backlog,SYBIL,Adolfo Garcia-Sastre,Packaging of the Influenza Virus Genome Is Governed by a Plastic Network of RNA- and Nucleoprotein-Mediated Interactions.,"viral context plus mechanism-rich title/abstract: influenza, virus, viral, influenza, interaction, interactions",cached_normalized,pmc_xml,influenza_a,,network_analysis,,,,,false,false,false,low,low,high,tier_3
pmid-30258002,30258002,2018,pi-backlog,SYBIL,Adolfo Garcia-Sastre,Influenza Virus NS1 Protein-RNA Interactome Reveals Intron Targeting.,"viral context plus mechanism-rich title/abstract: influenza, virus, viral, influenza, interaction, interactions",cached_normalized,pmc_xml,influenza_a,,protein_interaction_mapping,,,,,false,false,false,low,low,high,tier_3
pmid-29786110,29786110,2018,current-program,,,"Multi‑layered prevention and treatment of chronic inflammation, organ fibrosis and cancer associated with canonical WNT/β‑catenin signaling activation (Review).","viral context plus mechanism-rich title/abstract: hcv, hepatitis c virus, virus, interaction, interactions, protein interaction",cached_normalized,pmc_xml,hcv,macrophages;human_lung_tissue;organoids;mice;human_patients,,,,,,false,false,false,low,low,high,tier_3
pmid-26038505,26038505,2014,pi-backlog,SYBIL,Adolfo Garcia-Sastre,Identification of 53 compounds that block Ebola virus-like particle entry via a repurposing screen of approved drugs.,"viral context plus mechanism-rich title/abstract: ebola, virus, ebola, screen, replication",cached_normalized,pmc_xml,ebola,mice;rhesus_macaques;human_patients,imaging,,,,,false,false,false,low,low,high,tier_3
pmid-24760882,24760882,2014,pi-backlog,SYBIL,Adolfo Garcia-Sastre,Tumor suppressor cylindromatosis (CYLD) controls HIV transcription in an NF-κB-dependent manner.,"viral context plus mechanism-rich title/abstract: hiv, virus, viral, hiv, pathway, screen",cached_normalized,pmc_xml,hiv,macrophages,,,,,,false,false,false,low,low,high,tier_3
pmid-23420847,23420847,2013,pi-backlog,HPMI,Melanie Ott,Diacylglycerol acyltransferase-1 localizes hepatitis C virus NS5A protein to lipid droplets and enhances NS5A interaction with the viral capsid core.,"viral context plus mechanism-rich title/abstract: hcv, hepatitis c virus, virus, viral, interaction, interactions",cached_normalized,pmc_xml,hcv,,,,,,,false,false,false,low,low,high,tier_3
pmid-22993153,22993153,2012,pi-backlog,SYBIL,Adolfo Garcia-Sastre,Contribution of NS1 effector domain dimerization to influenza A virus replication and virulence.,"viral context plus mechanism-rich title/abstract: influenza, virus, influenza, interaction, replication",cached_normalized,pmc_xml,influenza_a,mice,,,,,,false,false,false,low,low,high,tier_3
pmid-22855494,22855494,2012,pi-backlog,SYBIL,Adolfo Garcia-Sastre,Increased viral loads and exacerbated innate host responses in aged macaques infected with the 2009 pandemic H1N1 influenza A virus.,"viral context plus mechanism-rich title/abstract: influenza, h1n1, virus, viral, influenza, host response",cached_normalized,pmc_xml,influenza_a,primary_CD4_T_cells;rhesus_macaques,,,,,,false,false,false,low,low,high,tier_3
pmid-22778433,22778433,2012,pi-backlog,SYBIL,Adolfo Garcia-Sastre,Hematopoietic-specific targeting of influenza A virus reveals replication requirements for induction of antiviral immune responses.,"viral context plus mechanism-rich title/abstract: influenza, virus, viral, influenza, host response, replication",cached_normalized,pmc_xml,influenza_a,,,,,,,false,false,false,low,low,high,tier_3
pmid-20844044,20844044,2010,pi-backlog,SYBIL,Adolfo Garcia-Sastre,Virulence-associated substitution D222G in the hemagglutinin of 2009 pandemic influenza A(H1N1) virus affects receptor binding.,"viral context plus mechanism-rich title/abstract: influenza, h1n1, virus, influenza, interaction, replication",cached_normalized,pmc_xml,influenza_a,macrophages;mice;ferrets;human_patients,,,,,,false,false,false,low,low,high,tier_3
pmid-20357099,20357099,2010,pi-backlog,SYBIL,Adolfo Garcia-Sastre,Murine coronavirus delays expression of a subset of interferon-stimulated genes.,"viral context plus mechanism-rich title/abstract: coronavirus, virus, viral, coronavirus, pathway, replication",cached_normalized,pmc_xml,coronavirus_general,HEK293T_cells;macrophages;mice,,,,,,false,false,false,low,low,high,tier_3
pmid-19218453,19218453,2009,pi-backlog,SYBIL,Adolfo Garcia-Sastre,Early and sustained innate immune response defines pathology and death in nonhuman primates infected by highly pathogenic influenza virus.,"viral context plus mechanism-rich title/abstract: influenza, h5n1, virus, influenza, host response, alveolar",cached_normalized,pmc_xml,influenza_a,rhesus_macaques,,,,,,false,false,false,low,low,high,tier_3
pmid-18003608,18003608,2008,pi-backlog,SYBIL,Sumit Chanda,2'-deoxy-4'-azido nucleoside analogs are highly potent inhibitors of hepatitis C virus replication despite the lack of 2'-alpha-hydroxyl groups.,"viral context plus mechanism-rich title/abstract: hcv, hepatitis c virus, virus, viral, interaction, replication",cached_normalized,pdf_grobid,hcv,Huh7_cells;human_patients,imaging,,,,,false,false,false,low,low,high,tier_3
pmid-17942531,17942531,2008,pi-backlog,SYBIL,Adolfo Garcia-Sastre,Distinct RIG-I and MDA5 signaling by RNA viruses in innate immunity.,"viral context plus mechanism-rich title/abstract: influenza, dengue, virus, viral, influenza, dengue",cached_normalized,pmc_xml,influenza_a;dengue;rsv,,,,,,,false,false,false,low,low,high,tier_3
pmid-17494067,17494067,2007,pi-backlog,SYBIL,Adolfo Garcia-Sastre,Peptide-mediated interference with influenza A virus polymerase.,"viral context plus mechanism-rich title/abstract: influenza, virus, viral, influenza, interaction, interactions",cached_normalized,pmc_xml,influenza_a,,,,,,,false,false,false,low,low,high,tier_3
pmid-17459917,17459917,2007,pi-backlog,SYBIL,Adolfo Garcia-Sastre,Inhibition of the alpha/beta interferon response by mouse hepatitis virus at multiple levels.,"viral context plus mechanism-rich title/abstract: coronavirus, virus, viral, coronavirus, interaction, replication",cached_normalized,pmc_xml,coronavirus_general,mice,,,,,,false,false,false,low,low,high,tier_3
pmid-17442719,17442719,2007,pi-backlog,SYBIL,Adolfo Garcia-Sastre,Multiple anti-interferon actions of the influenza A virus NS1 protein.,"viral context plus mechanism-rich title/abstract: influenza, h1n1, virus, viral, influenza, host response",cached_normalized,pmc_xml,influenza_a,,,,,,,false,false,false,low,low,high,tier_3
pmid-17269724,17269724,2007,pi-backlog,SYBIL,Adolfo Garcia-Sastre,Identification of cellular interaction partners of the influenza virus ribonucleoprotein complex and polymerase complex using proteomic-based approaches.,"viral context plus mechanism-rich title/abstract: influenza, virus, viral, influenza, interaction, proteomics",cached_normalized,pmc_xml,influenza_a,,proteomics,,,,,false,false,false,low,low,high,tier_3
pmid-16928763,16928763,2006,pi-backlog,SYBIL,Adolfo Garcia-Sastre,Integrated molecular signature of disease: analysis of influenza virus-infected macaques through functional genomics and proteomics.,"viral context plus mechanism-rich title/abstract: influenza, virus, viral, influenza, host response, proteomics",cached_normalized,pmc_xml,influenza_a,human_lung_tissue;rhesus_macaques,proteomics,,,,,false,false,false,low,low,high,tier_3
