paper_id,pmid,year,title,abstract_excerpt,collection_route,center,pi_candidates,pathogens,viruses,assay_types,paper_kind,cross_virus_relevance,cross_virus_reason,priority,priority_reason,review_status,notes
pmid-42149727,42149727,2026,Cas9(+) conditionally immortalized neutrophil progenitors as a tool for genome-wide CRISPR screening for neutrophil differentiation and function.,"Neutrophils are short-lived cells of the innate immune system that play numerous roles in defense against infection, regulation of immune responses, tissue damage and repair, autoimmunity, and other non-communicable diseases. Understanding neutrophil function at a mechanistic...",hpmi_grant_query,HPMI,,,,crispr_screen;genome_editing,data_or_analysis,candidate,relevant host-pathogen/pathway terms matched: crispr,high,recent HPMI paper with relevant terms: crispr screen,pending,
pmid-42134328,42134328,2026,Coronavirus protein interaction mapping in bat and human cells reveals network rewiring governing immune evasion and zoonotic potential.,"Coronaviruses, including severe acute respiratory syndrome coronavirus 2 (SARS-CoV-2), can cause severe disease in humans, whereas reservoir hosts such as horseshoe bats remain asymptomatic. To investigate how host-specific protein-protein interactions (PPIs) influence infecti...",hpmi_grant_query,HPMI,,,sars-cov-2;sars-cov;coronavirus;influenza,protein_interaction_mapping;proteomics,primary_research,high,explicit cross-virus/shared-host language: comparative,high,"recent HPMI paper with relevant terms: virus, sars, cov",pending,
pmid-41700894,41700894,2026,Harnessing evolution: leveraging bacterial isoprenoid pathway diversity toward improved bioengineering strategies.,"Isoprenoids play vital roles in all domains of life, from beta-carotene in bacteria to heme in humans. Two distinct metabolic pathways have evolved to synthesize the critical precursor of all mature isoprenoids: the mevalonate (MEV) and the methylerythritol phosphate (MEP) pat...",hpmi_grant_query,HPMI,,,,,primary_research,candidate,relevant host-pathogen/pathway terms matched: pathway,medium,recent HPMI paper but no strong viral/pathogen keywords matched,pending,
pmid-41688792,41688792,2026,Membrane-associated effluxosomes coordinate multi-metal resistance in Mycobacterium tuberculosis.,"Bacterial pathogens must withstand metal-induced stress during infection, yet the mechanisms by which they sense and respond to toxic metal ions remain incompletely understood. Here, we uncover a previously unrecognized mechanism in Mycobacterium tuberculosis, the causative ag...",hpmi_grant_query,HPMI,,mycobacterium_tuberculosis,influenza,,primary_research,candidate,"relevant host-pathogen/pathway terms matched: interaction, tuberculosis, mycobacterium",high,"recent HPMI paper with relevant terms: tuberculosis, mycobacterium",pending,
pmid-41676649,41676649,2026,Regulation of virion production by the ORF8 signal peptide across SARS-CoV-2 variants.,"The open reading frame 8 (ORF8), an accessory protein of SARS-CoV-2, is prone to deletions and mutations across different viral variants, which was first described in several Singapore variants. The reason why viral evolution favors loss or inactivation of ORF8 is not fully un...",hpmi_grant_query,HPMI,,,sars-cov-2;sars-cov,,primary_research,candidate,"relevant host-pathogen/pathway terms matched: virus, viral",high,"recent HPMI paper with relevant terms: virus, viral, sars, cov",pending,
pmid-41648602,41648602,2026,Amplified genome editing by in vivo editor production.,"Genome editing enzymes have vast therapeutic potential. However, achieving sufficient delivery in vivo remains a major challenge, because editing machinery is confined to the subset of transfectable cells in a tissue. Here, we tested the possibility that genome editing could b...",hpmi_grant_query,HPMI,,,,genome_editing,primary_research,unknown,no explicit cross-virus or strong host-mechanism terms matched,medium,recent HPMI paper but no strong viral/pathogen keywords matched,pending,
pmid-41555498,41555498,2026,textToKnowledgeGraph: generation of molecular interaction knowledge graphs using large language models for exploration in Cytoscape.,"MOTIVATION: Knowledge graphs (KGs) are powerful tools for structuring and analyzing biological information due to their ability to represent data and improve queries across heterogeneous datasets. However, constructing KGs from unstructured literature remains challenging due t...",hpmi_grant_query,HPMI,,,,structural_biology,primary_research,candidate,relevant host-pathogen/pathway terms matched: interaction,medium,recent HPMI paper but no strong viral/pathogen keywords matched,pending,
pmid-41231971,41231971,2026,Recurrent acquisition of nuclease-protease pairs in antiviral immunity.,"Antiviral immune systems diversify by integrating new genes into existing pathways, creating new mechanisms of viral resistance. We identified genes encoding a predicted nuclease paired with a trypsin-like protease repeatedly acquired by multiple, otherwise unrelated antiviral...",hpmi_grant_query,HPMI,,,,,primary_research,candidate,"relevant host-pathogen/pathway terms matched: viral, pathway",high,recent HPMI paper with relevant terms: viral,pending,
pmid-41392175,41392175,2025,A non-spike nucleocapsid R204P mutation in SARS-CoV-2 Omicron XEC enhances inflammation and pathogenicity.,"The global circulation of SARS-CoV-2 in human populations has driven the emergence of Omicron subvariants, which have become highly diversified through recombination. In late 2024, SARS-CoV-2 Omicron XEC variant emerged from the recombination of two JN.1 progeny, KS.1.1 and KP...",hpmi_grant_query,HPMI,,,sars-cov-2;sars-cov,,primary_research,candidate,relevant host-pathogen/pathway terms matched: viral,high,"recent HPMI paper with relevant terms: viral, sars, cov",pending,
pmid-41256720,41256720,2025,Genome-wide screen in Mycobacterium tuberculosis infected macrophages reveals innate regulation of antibacterial mediators by IRF2.,"Controlling Mycobacterium tuberculosis (Mtb) infection requires a precisely balanced host inflammatory response. Too little inflammation leads to uncontrolled bacterial growth but exacerbated inflammation, activated by mediators such as TNF and type I IFN, inhibits effective a...",hpmi_grant_query,HPMI,,mycobacterium_tuberculosis,influenza,crispr_screen,data_or_analysis,candidate,"relevant host-pathogen/pathway terms matched: crispr, tuberculosis, mycobacterium",high,"recent HPMI paper with relevant terms: tuberculosis, mycobacterium",pending,
pmid-41249169,41249169,2025,Characterizing and controlling CRISPR repair outcomes in nondividing human cells.,"Genome editing is poised to revolutionize treatment of genetic diseases, but poor understanding and control of DNA repair outcomes hinders its therapeutic potential. DNA repair is especially understudied in nondividing cells like neurons, limiting the efficiency and precision...",hpmi_grant_query,HPMI,,,,genome_editing,primary_research,candidate,relevant host-pathogen/pathway terms matched: crispr,medium,recent HPMI paper but no strong viral/pathogen keywords matched,pending,
pmid-41208107,41208107,2025,Shared and distinct responses of human and murine alveolar macrophages and monocyte-derived macrophages to Mycobacterium tuberculosis.,"Macrophages are important sites of bacterial replication and host immune responses during Mycobacterium tuberculosis (Mtb) infection with distinct roles for alveolar macrophages (AMs) early in infection and monocyte-derived macrophages (MDMs) later in disease. Here, we leverag...",hpmi_grant_query,HPMI,,mycobacterium_tuberculosis,,,primary_research,candidate,"relevant host-pathogen/pathway terms matched: tuberculosis, mycobacterium",high,"recent HPMI paper with relevant terms: tuberculosis, mycobacterium",pending,
pmid-41171885,41171885,2025,Mycobacterium tuberculosis triggers reduced inflammatory cytokine responses and virulence in mice lacking Tax1bp1.,"Host responses - autophagy, cell death, and inflammation - limit the growth of bacterial pathogens while minimizing tissue damage. During the early stages of infection, Mycobacterium tuberculosis (Mtb) thwarts these and other innate immune defense mechanisms in alveolar macrop...",hpmi_grant_query,HPMI,,mycobacterium_tuberculosis,,,primary_research,candidate,"relevant host-pathogen/pathway terms matched: host factor, tuberculosis, mycobacterium",high,"recent HPMI paper with relevant terms: tuberculosis, mycobacterium",pending,
pmid-41165411,41165411,2025,The mevalonate pathway of isoprenoid biosynthesis supports metabolic flexibility in Mycobacterium marinum.,"Isoprenoids are a diverse class of natural products that are essential in all domains of life. Most bacteria synthesize isoprenoids through either the methylerythritol phosphate (MEP) pathway or the mevalonate (MEV) pathway, while a small subset encodes both pathways, includin...",hpmi_grant_query,HPMI,,mycobacterium_marinum,,,data_or_analysis,candidate,"relevant host-pathogen/pathway terms matched: host-pathogen, pathway, mycobacterium",high,"recent HPMI paper with relevant terms: host-pathogen, mycobacterium",pending,
pmid-41034576,41034576,2025,A miniature CRISPR-Cas10 enzyme confers immunity by inhibitory signalling.,"Microbial and viral co-evolution has created immunity mechanisms involving oligonucleotide signalling that share mechanistic features with human antiviral systems1. In these pathways, including cyclic oligonucleotide-based antiphage signalling systems (CBASSs) and type III CRI...",hpmi_grant_query,HPMI,,,influenza,structural_biology,primary_research,candidate,"relevant host-pathogen/pathway terms matched: virus, viral, crispr",high,"recent HPMI paper with relevant terms: virus, viral",pending,
pmid-40777401,40777401,2025,Human iPSC derived alveolar macrophages reveal macrophage subtype specific functions of itaconate in M. tuberculosis host defense.,"Mycobacterium tuberculosis (Mtb) must survive within multiple macrophage populations during infection, including alveolar macrophages (AM) and recruited inflammatory macrophages. In mice, itaconate, produced in macrophages by ACOD1 mediated decarboxylation of aconitate, has di...",hpmi_grant_query,HPMI,,mycobacterium_tuberculosis,,,primary_research,candidate,"relevant host-pathogen/pathway terms matched: host pathogen, tuberculosis, mycobacterium",high,"recent HPMI paper with relevant terms: host pathogen, tuberculosis, mycobacterium",pending,
pmid-40777357,40777357,2025,textToKnowledgeGraph: Generation of Molecular Interaction Knowledge Graphs Using Large Language Models for Exploration in Cytoscape.,"MOTIVATION: Knowledge graphs (KGs) are powerful tools for structuring and analyzing biological information due to their ability to represent data and improve queries across heterogeneous datasets. However, constructing KGs from unstructured literature remains challenging due t...",hpmi_grant_query,HPMI,,,,structural_biology,primary_research,candidate,relevant host-pathogen/pathway terms matched: interaction,medium,recent HPMI paper but no strong viral/pathogen keywords matched,pending,
pmid-40766380,40766380,2025,"An unusual genetic switch controls Mycobacterium avium pathogenesis, antibiotic resistance and colony morphology.","Mycobacterium avium subspecies hominissuis (Mah) is an emerging environmental pathogen highly adapted to a wide range of niches, from treated water systems to mammalian tissues. On solid media, Mah forms two distinct colony morphologies, smooth transparent (SmT) and smooth opa...",hpmi_grant_query,HPMI,,,,transcriptomics,primary_research,candidate,"relevant host-pathogen/pathway terms matched: pathway, mycobacterium",high,recent HPMI paper with relevant terms: mycobacterium,pending,
pmid-40672248,40672248,2025,The mevalonate pathway of isoprenoid biosynthesis supports metabolic flexibility in Mycobacterium marinum.,"Isoprenoids are a diverse class of natural products that are essential in all domains of life. Most bacteria synthesize isoprenoids through either the methylerythritol phosphate (MEP) pathway or the mevalonate (MEV) pathway, while a small subset encodes both pathways, includin...",hpmi_grant_query,HPMI,,mycobacterium_marinum,,,data_or_analysis,candidate,"relevant host-pathogen/pathway terms matched: pathway, mycobacterium",high,recent HPMI paper with relevant terms: mycobacterium,pending,
pmid-40671523,40671523,2025,Directed evolution expands CRISPR-Cas12a genome-editing capacity.,"CRISPR-Cas12a enzymes are versatile RNA-guided genome-editing tools with applications encompassing viral diagnosis, agriculture, and human therapeutics. However, their dependence on a 5'-TTTV-3' protospacer adjacent motif (PAM) next to DNA target sequences restricts Cas12a's g...",hpmi_grant_query,HPMI,,,,genome_editing,primary_research,candidate,"relevant host-pathogen/pathway terms matched: viral, crispr",high,recent HPMI paper with relevant terms: viral,pending,
pmid-40654677,40654677,2025,Improving RNA Secondary Structure Prediction Through Expanded Training Data.,"In recent years, deep learning has revolutionized protein structure prediction, achieving remarkable speed and accuracy. RNA structure prediction, however, has lagged behind. Although several methods have shown some success in predicting RNA secondary and tertiary structures,...",hpmi_grant_query,HPMI,,,,structural_biology,primary_research,unknown,no explicit cross-virus or strong host-mechanism terms matched,medium,recent HPMI paper but no strong viral/pathogen keywords matched,pending,
pmid-40579228,40579228,2025,Inference of differential kinase interaction networks with KINference.,MOTIVATION: Differential kinase interaction networks (DKINs) are networks containing kinase-substrate links that are differentially active between two conditions. Existing methods are either able to predict condition-agnostic kinase-substrate links or condition-specific differ...,hpmi_grant_query,HPMI,,,sars-cov-2;sars-cov,proteomics,primary_research,candidate,"relevant host-pathogen/pathway terms matched: virus, interaction, pathway",high,"recent HPMI paper with relevant terms: virus, sars, cov",pending,
pmid-40502047,40502047,2025,A non-spike nucleocapsid R204P mutation in SARS-CoV-2 Omicron XEC enhances inflammation and pathogenicity.,"The global circulation of SARS-CoV-2 in human populations has driven the emergence of Omicron subvariants, which have become highly diversified through recombination. In late 2024, SARS-CoV-2 Omicron XEC variant emerged from the recombination of two JN.1 progeny, KS.1.1 and KP...",hpmi_grant_query,HPMI,,,sars-cov-2;sars-cov,,primary_research,candidate,relevant host-pathogen/pathway terms matched: viral,high,"recent HPMI paper with relevant terms: viral, sars, cov",pending,
pmid-40436823,40436823,2025,WNK1 mediates M-CSF-induced macropinocytosis to enforce macrophage lineage fidelity.,"Tissue-resident macrophages (TRM) are critical for mammalian organismal development and homeostasis. Here we report that with-no-lysine 1 (WNK1) controls myeloid progenitor fate, with Csf1riCre-mediated Wnk1 deletion in mice (WNK1-deficient mice) resulting in loss of TRMs and...",hpmi_grant_query,HPMI,,,,,primary_research,unknown,no explicit cross-virus or strong host-mechanism terms matched,medium,recent HPMI paper but no strong viral/pathogen keywords matched,pending,
pmid-40402573,40402573,2025,Myeloid cell genome-wide screen identifies variants associated with Mycobacterium tuberculosis-induced cytokine transcriptional responses.,"Immune and clinical outcomes to Mycobacterium tuberculosis (Mtb) infection vary greatly between individuals, yet the underlying genetic and cellular mechanisms driving this heterogeneity remain poorly understood. We performed a cellular genome-wide association study to identif...",hpmi_grant_query,HPMI,,mycobacterium_tuberculosis,,transcriptomics,data_or_analysis,candidate,"relevant host-pathogen/pathway terms matched: pathway, tuberculosis, mycobacterium",high,"recent HPMI paper with relevant terms: tuberculosis, mycobacterium",pending,
pmid-40163530,40163530,2025,Enhanced RNA replication and pathogenesis in recent SARS-CoV-2 variants harboring the L260F mutation in NSP6.,"The COVID-19 pandemic has been driven by SARS-CoV-2 variants with enhanced transmission and immune escape. Apart from extensive evolution in the Spike protein, non-Spike mutations are accumulating across the entire viral genome and their functional impact is not well understoo...",hpmi_grant_query,HPMI,,,sars-cov-2;sars-cov,,primary_research,candidate,relevant host-pathogen/pathway terms matched: viral,high,"recent HPMI paper with relevant terms: viral, sars, cov",pending,
pmid-40093075,40093075,2025,Shared and distinct responses of human and murine alveolar macrophages and monocyte-derived macrophages to Mycobacterium tuberculosis.,"Macrophages serve as important sites of bacterial replication and host immune response during Mycobacterium tuberculosis (Mtb) infection with distinct roles for alveolar macrophages (AMs) early in infection and monocyte-derived (MDMs) during later stages of disease. Here, we l...",hpmi_grant_query,HPMI,,mycobacterium_tuberculosis,,,primary_research,candidate,"relevant host-pathogen/pathway terms matched: tuberculosis, mycobacterium",high,"recent HPMI paper with relevant terms: tuberculosis, mycobacterium",pending,
pmid-40025722,40025722,2025,Affinity Purification Mass Spectrometry on the Orbitrap-Astral Mass Spectrometer Enables High-Throughput Protein-Protein Interaction Mapping.,"Classical proteomics experiments offer high-throughput protein quantification but lack direct evidence of the spatial organization of the proteome, including protein-protein interaction (PPIs) networks. While affinity purification mass spectrometry (AP-MS) is the method of cho...",hpmi_grant_query,HPMI,,,,protein_interaction_mapping;proteomics,methods,candidate,"relevant host-pathogen/pathway terms matched: viral, interaction, proteome",high,"recent HPMI paper with relevant terms: viral, interaction map",pending,
pmid-39990302,39990302,2025,Mutational scanning of TnpB reveals latent activity for genome editing.,"TnpB is a diverse family of RNA-guided endonucleases associated with prokaryotic transposons. Due to their small size and putative evolutionary relationship to CRISPR-Cas12, TnpB enzymes hold significant potential for genome editing. However, most TnpBs lack robust gene editin...",hpmi_grant_query,HPMI,,,,genome_editing,data_or_analysis,candidate,relevant host-pathogen/pathway terms matched: crispr,medium,recent HPMI paper but no strong viral/pathogen keywords matched,pending,
pmid-39969084,39969084,2025,Torsional twist of the SARS-CoV and SARS-CoV-2 SUD-N and SUD-M domains.,"Coronavirus non-structural protein 3 (nsp3) forms hexameric crowns of pores in the double membrane vesicle that houses the replication-transcription complex. Nsp3 in SARS-like viruses has three unique domains absent in other coronavirus nsp3 proteins. Two of these, SUD-N (Macr...",hpmi_grant_query,HPMI,,,sars-cov-2;sars-cov;coronavirus,structural_biology,primary_research,high,explicit cross-virus/shared-host language: comparative,high,"recent HPMI paper with relevant terms: viral, sars, cov",pending,
pmid-39966655,39966655,2025,Single-molecule live-cell RNA imaging with CRISPR-Csm.,"Understanding the diverse dynamic behaviors of individual RNA molecules in single cells requires visualizing them at high resolution in real time. However, single-molecule live-cell imaging of unmodified endogenous RNA has not yet been achieved in a generalizable manner. Here,...",hpmi_grant_query,HPMI,,,influenza,,methods,candidate,relevant host-pathogen/pathway terms matched: crispr,medium,recent HPMI paper but no strong viral/pathogen keywords matched,pending,
pmid-39747192,39747192,2025,Functional protein mining with conformal guarantees.,"Molecular structure prediction and homology detection offer promising paths to discovering protein function and evolutionary relationships. However, current approaches lack statistical reliability assurances, limiting their practical utility for selecting proteins for further...",hpmi_grant_query,HPMI,,,,structural_biology,methods,unknown,no explicit cross-virus or strong host-mechanism terms matched,medium,recent HPMI paper but no strong viral/pathogen keywords matched,pending,
pmid-39698811,39698811,2025,CRISPR-Cas12a bends DNA to destabilize base pairs during target interrogation.,"RNA-guided endonucleases are involved in processes ranging from adaptive immunity to site-specific transposition and have revolutionized genome editing. CRISPR-Cas9, -Cas12 and related proteins use guide RNAs to recognize ∼20-nucleotide target sites within genomic DNA by mecha...",hpmi_grant_query,HPMI,,,influenza,structural_biology;genome_editing,primary_research,candidate,relevant host-pathogen/pathway terms matched: crispr,medium,recent HPMI paper but no strong viral/pathogen keywords matched,pending,
pmid-39415058,39415058,2025,Lung and liver editing by lipid nanoparticle delivery of a stable CRISPR-Cas9 ribonucleoprotein.,"Lipid nanoparticle (LNP) delivery of clustered regularly interspaced short palindromic repeat (CRISPR) ribonucleoproteins (RNPs) could enable high-efficiency, low-toxicity and scalable in vivo genome editing if efficacious RNP-LNP complexes can be reliably produced. Here we en...",hpmi_grant_query,HPMI,,,,genome_editing,primary_research,candidate,"relevant host-pathogen/pathway terms matched: viral, crispr",high,recent HPMI paper with relevant terms: viral,pending,
pmid-38979269,38979269,2025,Neuronal DNA repair reveals strategies to influence CRISPR editing outcomes.,"Genome editing is poised to revolutionize treatment of genetic diseases, but poor understanding and control of DNA repair outcomes hinders its therapeutic potential. DNA repair is especially understudied in nondividing cells like neurons, which must withstand decades of DNA da...",hpmi_grant_query,HPMI,,,influenza,genome_editing,primary_research,candidate,relevant host-pathogen/pathway terms matched: crispr,medium,recent HPMI paper but no strong viral/pathogen keywords matched,pending,
pmid-39763950,39763950,2024,Tax1bp1 enhances bacterial virulence and promotes inflammatory responses during Mycobacterium tuberculosis infection of alveolar macrophages.,"Crosstalk between autophagy, host cell death, and inflammatory host responses to bacterial pathogens enables effective innate immune responses that limit bacterial growth while minimizing coincidental host damage. Mycobacterium tuberculosis (Mtb) thwarts innate immune defense...",hpmi_grant_query,HPMI,,mycobacterium_tuberculosis,,,primary_research,candidate,"relevant host-pathogen/pathway terms matched: viral, tuberculosis, mycobacterium",medium,"older HPMI paper with relevant terms: viral, tuberculosis, mycobacterium",pending,
pmid-39638800,39638800,2024,RNA language models predict mutations that improve RNA function.,"Structured RNA lies at the heart of many central biological processes, from gene expression to catalysis. RNA structure prediction is not yet possible due to a lack of high-quality reference data associated with organismal phenotypes that could inform RNA function. We present...",hpmi_grant_query,HPMI,,,,structural_biology,primary_research,unknown,no explicit cross-virus or strong host-mechanism terms matched,low,no strong HPMI literature-priority keywords matched,pending,
pmid-39571001,39571001,2024,SARS-CoV-2 evolution balances conflicting roles of N protein phosphorylation.,"All lineages of SARS-CoV-2, the coronavirus responsible for the COVID-19 pandemic, contain mutations between amino acids 199 and 205 in the nucleocapsid (N) protein that are associated with increased infectivity. The effects of these mutations have been difficult to determine...",hpmi_grant_query,HPMI,,,sars-cov-2;sars-cov;coronavirus,proteomics,primary_research,candidate,"relevant host-pathogen/pathway terms matched: virus, viral",medium,"older HPMI paper with relevant terms: virus, viral, sars, cov",pending,
pmid-39547210,39547210,2024,Discovery and significance of protein-protein interactions in health and disease.,"The identification of individual protein-protein interactions (PPIs) began more than 40 years ago, using protein affinity chromatography and antibody co-immunoprecipitation. As new technologies emerged, analysis of PPIs increased to a genome-wide scale with the introduction of...",hpmi_grant_query,HPMI,,,,protein_interaction_mapping;proteomics;structural_biology,primary_research,unknown,no explicit cross-virus or strong host-mechanism terms matched,low,no strong HPMI literature-priority keywords matched,pending,
pmid-39488835,39488835,2024,Protocol for mapping differential protein-protein interaction networks using affinity purification-mass spectrometry.,"Proteins congregate into complexes to perform diverse cellular functions. Protein complexes are remodeled by protein-coding mutations or cellular signaling changes, driving phenotypic outcomes in health and disease. We present an affinity purification-mass spectrometry (AP-MS)...",hpmi_grant_query,HPMI,,,,protein_interaction_mapping;proteomics,methods,candidate,relevant host-pathogen/pathway terms matched: interaction,low,no strong HPMI literature-priority keywords matched,pending,
pmid-39395413,39395413,2024,Genome integrity sensing by the broad-spectrum Hachiman antiphage defense complex.,"Hachiman is a broad-spectrum antiphage defense system of unknown function. We show here that Hachiman is a heterodimeric nuclease-helicase complex, HamAB. HamA, previously a protein of unknown function, is the effector nuclease. HamB is the sensor helicase. HamB constrains Ham...",hpmi_grant_query,HPMI,,,,,primary_research,high,explicit cross-virus/shared-host language: broad-spectrum,low,no strong HPMI literature-priority keywords matched,pending,
pmid-39198650,39198650,2024,Tuberculosis in otherwise healthy adults with inherited TNF deficiency.,"Severe defects in human IFNγ immunity predispose individuals to both Bacillus Calmette-Guérin disease and tuberculosis, whereas milder defects predispose only to tuberculosis1. Here we report two adults with recurrent pulmonary tuberculosis who are homozygous for a private los...",hpmi_grant_query,HPMI,,mycobacterium_tuberculosis,,,primary_research,candidate,"relevant host-pathogen/pathway terms matched: tuberculosis, mycobacterium",medium,"older HPMI paper with relevant terms: tuberculosis, mycobacterium",pending,
pmid-39198643,39198643,2024,Fibrin drives thromboinflammation and neuropathology in COVID-19.,"Life-threatening thrombotic events and neurological symptoms are prevalent in COVID-19 and are persistent in patients with long COVID experiencing post-acute sequelae of SARS-CoV-2 infection1-4. Despite the clinical evidence1,5-7, the underlying mechanisms of coagulopathy in C...",hpmi_grant_query,HPMI,,,sars-cov-2;sars-cov,structural_biology,primary_research,unknown,no explicit cross-virus or strong host-mechanism terms matched,medium,"older HPMI paper with relevant terms: sars, cov",pending,
pmid-39197447,39197447,2024,Animal and bacterial viruses share conserved mechanisms of immune evasion.,"Animal and bacterial cells sense and defend against viral infections using evolutionarily conserved antiviral signaling pathways. Here, we show that viruses overcome host signaling using mechanisms of immune evasion that are directly shared across the eukaryotic and prokaryoti...",hpmi_grant_query,HPMI,,,,structural_biology,primary_research,candidate,"relevant host-pathogen/pathway terms matched: virus, viral",medium,"older HPMI paper with relevant terms: virus, viral",pending,
pmid-39187718,39187718,2024,Birth of protein folds and functions in the virome.,"The rapid evolution of viruses generates proteins that are essential for infectivity and replication but with unknown functions, due to extreme sequence divergence1. Here, using a database of 67,715 newly predicted protein structures from 4,463 eukaryotic viral species, we fou...",hpmi_grant_query,HPMI,,,,structural_biology,primary_research,candidate,"relevant host-pathogen/pathway terms matched: virus, viral",medium,"older HPMI paper with relevant terms: virus, viral",pending,
pmid-39131396,39131396,2024,CRISPR-Cas12a bends DNA to destabilize base pairs during target interrogation.,"RNA-guided endonucleases are involved in processes ranging from adaptive immunity to site-specific transposition and have revolutionized genome editing. CRISPR-Cas9, -Cas12 and related proteins use guide RNAs to recognize ~20-nucleotide target sites within genomic DNA by mecha...",hpmi_grant_query,HPMI,,,influenza,structural_biology;genome_editing,primary_research,candidate,relevant host-pathogen/pathway terms matched: crispr,low,no strong HPMI literature-priority keywords matched,pending,
pmid-39024454,39024454,2024,Multiscale photocatalytic proximity labeling reveals cell surface neighbors on and between cells.,"Proximity labeling proteomics (PLP) strategies are powerful approaches to yield snapshots of protein neighborhoods. Here, we describe a multiscale PLP method with adjustable resolution that uses a commercially available photocatalyst, Eosin Y, which upon visible light illumina...",hpmi_grant_query,HPMI,,,,protein_interaction_mapping;proteomics,methods,candidate,relevant host-pathogen/pathway terms matched: interactome,low,no strong HPMI literature-priority keywords matched,pending,
pmid-38961189,38961189,2024,NF-κB inhibitor alpha controls SARS-CoV-2 infection in ACE2-overexpressing human airway organoids.,"As SARS-CoV-2 continues to spread worldwide, tractable primary airway cell models that recapitulate the cell-intrinsic response to arising viral variants are needed. Here we describe an adult stem cell-derived human airway organoid model overexpressing the ACE2 receptor (ACE2-...",hpmi_grant_query,HPMI,,,sars-cov-2;sars-cov,transcriptomics,data_or_analysis,candidate,relevant host-pathogen/pathway terms matched: viral,medium,"older HPMI paper with relevant terms: viral, sars, cov",pending,
pmid-38836816,38836816,2024,Human Alveolar and Monocyte-Derived Human Macrophage Responses to Mycobacterium tuberculosis.,Alveolar macrophages (AMs) and recruited monocyte-derived macrophages (MDMs) mediate early lung immune responses to Mycobacterium tuberculosis. Differences in the response of these distinct cell types are poorly understood and may provide insight into mechanisms of tuberculosi...,hpmi_grant_query,HPMI,,mycobacterium_tuberculosis,,transcriptomics,data_or_analysis,candidate,"relevant host-pathogen/pathway terms matched: pathway, tuberculosis, mycobacterium",medium,"older HPMI paper with relevant terms: tuberculosis, mycobacterium",pending,
pmid-38800652,38800652,2024,Mapping Differential Protein-Protein Interaction Networks using Affinity Purification Mass Spectrometry.,"Proteins congregate into complexes to perform fundamental cellular functions. Phenotypic outcomes, in health and disease, are often mechanistically driven by the remodeling of protein complexes by protein-coding mutations or cellular signaling changes in response to molecular...",hpmi_grant_query,HPMI,,,,protein_interaction_mapping;proteomics,methods,candidate,relevant host-pathogen/pathway terms matched: interaction,low,no strong HPMI literature-priority keywords matched,pending,
pmid-38781968,38781968,2024,Rapid DNA unwinding accelerates genome editing by engineered CRISPR-Cas9.,"Thermostable clustered regularly interspaced short palindromic repeats (CRISPR) and CRISPR-associated (Cas9) enzymes could improve genome-editing efficiency and delivery due to extended protein lifetimes. However, initial experimentation demonstrated Geobacillus stearothermoph...",hpmi_grant_query,HPMI,,,,structural_biology;genome_editing,primary_research,candidate,relevant host-pathogen/pathway terms matched: crispr,low,no strong HPMI literature-priority keywords matched,pending,
pmid-38617247,38617247,2024,RNA language models predict mutations that improve RNA function.,"Structured RNA lies at the heart of many central biological processes, from gene expression to catalysis. While advances in deep learning enable the prediction of accurate protein structural models, RNA structure prediction is not possible at present due to a lack of abundant...",hpmi_grant_query,HPMI,,,,structural_biology,primary_research,unknown,no explicit cross-virus or strong host-mechanism terms matched,low,no strong HPMI literature-priority keywords matched,pending,
pmid-38587193,38587193,2024,Assembly of SARS-CoV-2 nucleocapsid protein with nucleic acid.,"The viral genome of SARS-CoV-2 is packaged by the nucleocapsid (N-)protein into ribonucleoprotein particles (RNPs), 38 ± 10 of which are contained in each virion. Their architecture has remained unclear due to the pleomorphism of RNPs, the high flexibility of N-protein intrins...",hpmi_grant_query,HPMI,,,sars-cov-2;sars-cov,protein_interaction_mapping,primary_research,candidate,"relevant host-pathogen/pathway terms matched: viral, interaction",medium,"older HPMI paper with relevant terms: viral, sars, cov",pending,
pmid-38464307,38464307,2024,Hachiman is a genome integrity sensor.,"Hachiman is a broad-spectrum antiphage defense system of unknown function. We show here that Hachiman comprises a heterodimeric nuclease-helicase complex, HamAB. HamA, previously a protein of unknown function, is the effector nuclease. HamB is the sensor helicase. HamB constra...",hpmi_grant_query,HPMI,,,,,primary_research,high,explicit cross-virus/shared-host language: broad-spectrum,low,no strong HPMI literature-priority keywords matched,pending,
pmid-38308100,38308100,2024,Author Correction: Autophagy restricts Mycobacterium tuberculosis during acute infection in mice.,,hpmi_grant_query,HPMI,,mycobacterium_tuberculosis,,,primary_research,candidate,"relevant host-pathogen/pathway terms matched: tuberculosis, mycobacterium",medium,"older HPMI paper with relevant terms: tuberculosis, mycobacterium",pending,
pmid-38117589,38117589,2024,Cross-family small GTPase ubiquitination by the intracellular pathogen Legionella pneumophila.,"The intracellular bacterial pathogen Legionella pneumophila (L.p.) manipulates eukaryotic host ubiquitination machinery to form its replicative vacuole. While nearly 10% of L.p.'s ∼330 secreted effector proteins are ubiquitin ligases or deubiquitinases, a comprehensive measure...",hpmi_grant_query,HPMI,,legionella_pneumophila,,,primary_research,candidate,relevant host-pathogen/pathway terms matched: proteome,low,no strong HPMI literature-priority keywords matched,pending,
pmid-38045338,38045338,2023,Assembly reactions of SARS-CoV-2 nucleocapsid protein with nucleic acid.,"The viral genome of SARS-CoV-2 is packaged by the nucleocapsid (N-) protein into ribonucleoprotein particles (RNPs), 38±10 of which are contained in each virion. Their architecture has remained unclear due to the pleomorphism of RNPs, the high flexibility of N-protein intrinsi...",hpmi_grant_query,HPMI,,,sars-cov-2;sars-cov,protein_interaction_mapping,primary_research,candidate,"relevant host-pathogen/pathway terms matched: viral, interaction",medium,"older HPMI paper with relevant terms: viral, sars, cov",pending,
pmid-37869789,37869789,2023,Previous exposure to Spike-providing parental strains confers neutralizing immunity to XBB lineage and other SARS-CoV-2 recombinants in the context of vaccination.,"The emergence of SARS-CoV-2 recombinants is of particular concern as they can result in a sudden increase in immune evasion due to antigenic shift. Recent recombinants XBB and XBB.1.5 have higher transmissibility than previous recombinants such as ""Deltacron."" We hypothesized...",hpmi_grant_query,HPMI,,,sars-cov-2;sars-cov,,primary_research,unknown,no explicit cross-virus or strong host-mechanism terms matched,medium,"older HPMI paper with relevant terms: sars, cov",pending,
pmid-37857833,37857833,2023,A Legionella toxin exhibits tRNA mimicry and glycosyl transferase activity to target the translation machinery and trigger a ribotoxic stress response.,"A widespread strategy employed by pathogens to establish infection is to inhibit host-cell protein synthesis. Legionella pneumophila, an intracellular bacterial pathogen and the causative organism of Legionnaires' disease, secretes a subset of protein effectors into host cells...",hpmi_grant_query,HPMI,,legionella_pneumophila,,structural_biology,primary_research,candidate,relevant host-pathogen/pathway terms matched: pathway,low,no strong HPMI literature-priority keywords matched,pending,
pmid-37758692,37758692,2023,Proteomic and genetic analyses of influenza A viruses identify pan-viral host targets.,Influenza A Virus (IAV) is a recurring respiratory virus with limited availability of antiviral therapies. Understanding host proteins essential for IAV infection can identify targets for alternative host-directed therapies (HDTs). Using affinity purification-mass spectrometry...,hpmi_grant_query,HPMI,,,sars-cov-2;sars-cov;coronavirus;influenza,protein_interaction_mapping;proteomics,data_or_analysis,high,explicit cross-virus/shared-host language: pan-viral,medium,"older HPMI paper with relevant terms: virus, viral, sars, cov, influenza",pending,
pmid-37738983,37738983,2023,Impact of SARS-CoV-2 ORF6 and its variant polymorphisms on host responses and viral pathogenesis.,"Severe acute respiratory syndrome coronavirus 2 (SARS-CoV-2) encodes several proteins that inhibit host interferon responses. Among these, ORF6 antagonizes interferon signaling by disrupting nucleocytoplasmic trafficking through interactions with the nuclear pore complex compo...",hpmi_grant_query,HPMI,,,sars-cov-2;sars-cov;coronavirus,,primary_research,candidate,"relevant host-pathogen/pathway terms matched: viral, proteome",medium,"older HPMI paper with relevant terms: viral, sars, cov",pending,
pmid-37738970,37738970,2023,SARS-CoV-2 variants evolve convergent strategies to remodel the host response.,"SARS-CoV-2 variants of concern (VOCs) emerged during the COVID-19 pandemic. Here, we used unbiased systems approaches to study the host-selective forces driving VOC evolution. We discovered that VOCs evolved convergent strategies to remodel the host by modulating viral RNA and...",hpmi_grant_query,HPMI,,,sars-cov-2;sars-cov,protein_interaction_mapping;proteomics,primary_research,candidate,"relevant host-pathogen/pathway terms matched: virus, viral, interaction",medium,"older HPMI paper with relevant terms: virus, viral, sars, cov",pending,
pmid-37651466,37651466,2023,A single inactivating amino acid change in the SARS-CoV-2 NSP3 Mac1 domain attenuates viral replication in vivo.,"Despite unprecedented efforts, our therapeutic arsenal against SARS-CoV-2 remains limited. The conserved macrodomain 1 (Mac1) in NSP3 is an enzyme exhibiting ADP-ribosylhydrolase activity and a possible drug target. To determine the role of Mac1 catalytic activity in viral rep...",hpmi_grant_query,HPMI,,,sars-cov-2;sars-cov,,primary_research,candidate,"relevant host-pathogen/pathway terms matched: virus, viral",medium,"older HPMI paper with relevant terms: virus, viral, sars, cov",pending,
pmid-37577546,37577546,2023,Cross-family small GTPase ubiquitination by the intracellular pathogen Legionella pneumophila.,The intracellular bacterial pathogen Legionella pneumophila (L.p.) manipulates eukaryotic host ubiquitination machinery to form its replicative vacuole. While nearly 10% of L.p.'s arsenal of ~330 secreted effector proteins have been biochemically characterized as ubiquitin lig...,hpmi_grant_query,HPMI,,legionella_pneumophila,,,primary_research,candidate,relevant host-pathogen/pathway terms matched: proteome,low,no strong HPMI literature-priority keywords matched,pending,
pmid-37352334,37352334,2023,"Deficiency in Galectin-3, -8, and -9 impairs immunity to chronic Mycobacterium tuberculosis infection but not acute infection with multiple intracellular pathogens.","Macrophages employ an array of pattern recognition receptors to detect and eliminate intracellular pathogens that access the cytosol. The cytosolic carbohydrate sensors Galectin-3, -8, and -9 (Gal-3, Gal-8, and Gal-9) recognize damaged pathogen-containing phagosomes, and Gal-3...",hpmi_grant_query,HPMI,,mycobacterium_tuberculosis,influenza,,primary_research,candidate,"relevant host-pathogen/pathway terms matched: tuberculosis, mycobacterium",medium,"older HPMI paper with relevant terms: tuberculosis, mycobacterium",pending,
pmid-37213254,37213254,2023,Current proteomics methods applicable to dissecting the DNA damage response.,"The DNA damage response (DDR) entails reorganization of proteins and protein complexes involved in DNA repair. The coordinated regulation of these proteomic changes maintains genome stability. Traditionally, regulators and mediators of DDR have been investigated individually....",hpmi_grant_query,HPMI,,,,protein_interaction_mapping;proteomics;structural_biology,review,unknown,no explicit cross-virus or strong host-mechanism terms matched,low,no strong HPMI literature-priority keywords matched,pending,
pmid-37037941,37037941,2023,Autophagy restricts Mycobacterium tuberculosis during acute infection in mice.,"Whether or not autophagy has a role in defence against Mycobacterium tuberculosis infection remains unresolved. Previously, conditional knockdown of the core autophagy component ATG5 in myeloid cells was reported to confer extreme susceptibility to M. tuberculosis in mice, whe...",hpmi_grant_query,HPMI,,mycobacterium_tuberculosis,,,primary_research,candidate,"relevant host-pathogen/pathway terms matched: tuberculosis, mycobacterium",medium,"older HPMI paper with relevant terms: tuberculosis, mycobacterium",pending,
pmid-36782050,36782050,2023,Structure and dynamics of the essential endogenous mycobacterial polyketide synthase Pks13.,"The mycolic acid layer of the Mycobacterium tuberculosis cell wall is essential for viability and virulence, and the enzymes responsible for its synthesis are targets for antimycobacterial drug development. Polyketide synthase 13 (Pks13) is a module encoding several enzymatic...",hpmi_grant_query,HPMI,,mycobacterium_tuberculosis,,proteomics;structural_biology,primary_research,candidate,"relevant host-pathogen/pathway terms matched: pathway, tuberculosis, mycobacterium",medium,"older HPMI paper with relevant terms: tuberculosis, mycobacterium",pending,
pmid-35298864,35298864,2023,Integrative structure determination of histones H3 and H4 using genetic interactions.,"Integrative structure modeling is increasingly used for determining the architectures of biological assemblies, especially those that are structurally heterogeneous. Recently, we reported on how to convert in vivo genetic interaction measurements into spatial restraints for st...",hpmi_grant_query,HPMI,,,,structural_biology;genome_editing,methods,candidate,"relevant host-pathogen/pathway terms matched: host-pathogen, interaction, crispr",medium,older HPMI paper with relevant terms: host-pathogen,pending,
pmid-36075902,36075902,2022,Structure-function analysis of enterovirus protease 2A in complex with its essential host factor SETD3.,Enteroviruses cause a number of medically relevant and widespread human diseases with no approved antiviral therapies currently available. Host-directed therapies present an enticing option for this diverse genus of viruses. We have previously identified the actin histidine me...,hpmi_grant_query,HPMI,,,enterovirus,structural_biology,primary_research,candidate,"relevant host-pathogen/pathway terms matched: viral, interaction, host factor",medium,older HPMI paper with relevant terms: viral,pending,
pmid-35982664,35982664,2022,NF-κB inhibitor alpha has a cross-variant role during SARS-CoV-2 infection in ACE2-overexpressing human airway organoids.,"As SARS-CoV-2 continues to spread worldwide, tractable primary airway cell models that accurately recapitulate the cell-intrinsic response to arising viral variants are needed. Here we describe an adult stem cell-derived human airway organoid model overexpressing the ACE2 rece...",hpmi_grant_query,HPMI,,,sars-cov-2;sars-cov,transcriptomics,data_or_analysis,candidate,relevant host-pathogen/pathway terms matched: viral,medium,"older HPMI paper with relevant terms: viral, sars, cov",pending,
pmid-35877763,35877763,2022,IFN-γ-independent control of M. tuberculosis requires CD4 T cell-derived GM-CSF and activation of HIF-1α.,The prevailing model of protective immunity to tuberculosis is that CD4 T cells produce the cytokine IFN-γ to activate bactericidal mechanisms in infected macrophages. Although IFN-γ-independent CD4 T cell based control of M. tuberculosis infection has been demonstrated in viv...,hpmi_grant_query,HPMI,,mycobacterium_tuberculosis,,,primary_research,candidate,relevant host-pathogen/pathway terms matched: tuberculosis,medium,older HPMI paper with relevant terms: tuberculosis,pending,
pmid-35417684,35417684,2022,Global post-translational modification profiling of HIV-1-infected cells reveals mechanisms of host cellular pathway remodeling.,"Viruses must effectively remodel host cellular pathways to replicate and evade immune defenses, and they must do so with limited genomic coding capacity. Targeting post-translational modification (PTM) pathways provides a mechanism by which viruses can broadly and rapidly tran...",hpmi_grant_query,HPMI,,,hiv,proteomics,data_or_analysis,candidate,relevant host-pathogen/pathway terms matched: pathway,low,no strong HPMI literature-priority keywords matched,pending,
pmid-35337019,35337019,2022,A BioID-Derived Proximity Interactome for SARS-CoV-2 Proteins.,The novel coronavirus SARS-CoV-2 is responsible for the ongoing COVID-19 pandemic and has caused a major health and economic burden worldwide. Understanding how SARS-CoV-2 viral proteins behave in host cells can reveal underlying mechanisms of pathogenesis and assist in develo...,hpmi_grant_query,HPMI,,,sars-cov-2;sars-cov;coronavirus,protein_interaction_mapping;proteomics,data_or_analysis,candidate,"relevant host-pathogen/pathway terms matched: virus, viral, interactome",medium,"older HPMI paper with relevant terms: virus, viral, sars, cov",pending,
pmid-35150638,35150638,2022,Mutations in SARS-CoV-2 variants of concern link to increased spike cleavage and virus transmission.,"SARS-CoV-2 lineages have diverged into highly prevalent variants termed ""variants of concern"" (VOCs). Here, we characterized emerging SARS-CoV-2 spike polymorphisms in vitro and in vivo to understand their impact on transmissibility and virus pathogenicity and fitness. We demo...",hpmi_grant_query,HPMI,,,sars-cov-2;sars-cov,,primary_research,candidate,"relevant host-pathogen/pathway terms matched: virus, viral",medium,"older HPMI paper with relevant terms: virus, viral, sars, cov",pending,
pmid-35149213,35149213,2022,Integration of software tools for integrative modeling of biomolecular systems.,"Integrative modeling computes a model based on varied types of input information, be it from experiments or prior models. Often, a type of input information will be best handled by a specific modeling software package. In such a case, we desire to integrate our integrative mod...",hpmi_grant_query,HPMI,,,,,primary_research,unknown,no explicit cross-virus or strong host-mechanism terms matched,low,no strong HPMI literature-priority keywords matched,pending,
pmid-35017099,35017099,2022,Comparative Analysis of T-Cell Spatial Proteomics and the Influence of HIV Expression.,"As systems biology approaches to virology have become more tractable, highly studied viruses such as HIV can now be analyzed in new unbiased ways, including spatial proteomics. We employed here a differential centrifugation protocol to fractionate Jurkat T cells for proteomic...",hpmi_grant_query,HPMI,,,influenza;hiv,proteomics,methods,high,explicit cross-virus/shared-host language: comparative,medium,older HPMI paper with relevant terms: viral,pending,
pmid-35013567,35013567,2022,From systems to structure - using genetic data to model protein structures.,"Understanding the effects of genetic variation is a fundamental problem in biology that requires methods to analyse both physical and functional consequences of sequence changes at systems-wide and mechanistic scales. To achieve a systems view, protein interaction networks map...",hpmi_grant_query,HPMI,,,,structural_biology,review,candidate,relevant host-pathogen/pathway terms matched: interaction,low,no strong HPMI literature-priority keywords matched,pending,
pmid-35012962,35012962,2022,Preclinical and randomized phase I studies of plitidepsin in adults hospitalized with COVID-19.,"Plitidepsin, a marine-derived cyclic-peptide, inhibits SARS-CoV-2 replication at nanomolar concentrations by targeting the host protein eukaryotic translation elongation factor 1A. Here, we show that plitidepsin distributes preferentially to lung over plasma, with similar pote...",hpmi_grant_query,HPMI,,,sars-cov-2;sars-cov,,primary_research,candidate,relevant host-pathogen/pathway terms matched: viral,medium,"older HPMI paper with relevant terms: viral, sars, cov",pending,
pmid-34942634,34942634,2022,Evolution of enhanced innate immune evasion by SARS-CoV-2.,"The emergence of SARS-CoV-2 variants of concern suggests viral adaptation to enhance human-to-human transmission1,2. Although much effort has focused on the characterization of changes in the spike protein in variants of concern, mutations outside of spike are likely to contri...",hpmi_grant_query,HPMI,,,sars-cov-2;sars-cov,proteomics,data_or_analysis,candidate,"relevant host-pathogen/pathway terms matched: viral, interaction",medium,"older HPMI paper with relevant terms: viral, sars, cov",pending,
pmid-34556855,34556855,2021,Restriction factor compendium for influenza A virus reveals a mechanism for evasion of autophagy.,"The fate of influenza A virus (IAV) infection in the host cell depends on the balance between cellular defence mechanisms and viral evasion strategies. To illuminate the landscape of IAV cellular restriction, we generated and integrated global genetic loss-of-function screens...",hpmi_grant_query,HPMI,,,influenza,proteomics;transcriptomics,primary_research,candidate,"relevant host-pathogen/pathway terms matched: virus, viral, interaction",medium,"older HPMI paper with relevant terms: virus, viral, influenza",pending,
pmid-34519533,34519533,2021,Target Discovery for Host-Directed Antiviral Therapies: Application of Proteomics Approaches.,"Current epidemics, such as AIDS or flu, and the emergence of new threatening pathogens, such as the one causing the current coronavirus disease 2019 (COVID-19) pandemic, represent major global health challenges. While vaccination is an important part of the arsenal to counter...",hpmi_grant_query,HPMI,,,sars-cov-2;coronavirus;influenza,proteomics,primary_research,candidate,"relevant host-pathogen/pathway terms matched: viral, host-pathogen",medium,"older HPMI paper with relevant terms: viral, host-pathogen",pending,
pmid-34453000,34453000,2021,Bayesian metamodeling of complex biological systems across varying representations.,"Comprehensive modeling of a whole cell requires an integration of vast amounts of information on various aspects of the cell and its parts. To divide and conquer this task, we introduce Bayesian metamodeling, a general approach to modeling complex systems by integrating a coll...",hpmi_grant_query,HPMI,,,,structural_biology,primary_research,unknown,no explicit cross-virus or strong host-mechanism terms matched,low,no strong HPMI literature-priority keywords matched,pending,
pmid-34389466,34389466,2021,Characterization of an A3G-Vif(HIV-1)-CRL5-CBFβ Structure Using a Cross-linking Mass Spectrometry Pipeline for Integrative Modeling of Host-Pathogen Complexes.,"Structural analysis of host-pathogen protein complexes remains challenging, largely due to their structural heterogeneity. Here, we describe a pipeline for the structural characterization of these complexes using integrative structure modeling based on chemical cross-links and...",hpmi_grant_query,HPMI,,,hiv,proteomics;structural_biology,methods,candidate,relevant host-pathogen/pathway terms matched: host-pathogen,medium,older HPMI paper with relevant terms: host-pathogen,pending,
pmid-34326236,34326236,2021,Drug-induced phospholipidosis confounds drug repurposing for SARS-CoV-2.,"Repurposing drugs as treatments for COVID-19, the disease caused by severe acute respiratory syndrome coronavirus 2 (SARS-CoV-2), has drawn much attention. Beginning with sigma receptor ligands and expanding to other drugs from screening in the field, we became concerned that...",hpmi_grant_query,HPMI,,,sars-cov-2;sars-cov;coronavirus,,primary_research,unknown,no explicit cross-virus or strong host-mechanism terms matched,medium,"older HPMI paper with relevant terms: sars, cov",pending,
pmid-34225486,34225486,2021,Galectin-8 Senses Phagosomal Damage and Recruits Selective Autophagy Adapter TAX1BP1 To Control Mycobacterium tuberculosis Infection in Macrophages.,"Mycobacterium tuberculosis (Mtb) causes one of the deadliest infectious diseases worldwide. Upon infection, Mtb is phagocytosed by macrophages and uses its virulence-associated ESX-1 secretion system to modulate the host cell. We showed previously that the ESX-1 secretion syst...",hpmi_grant_query,HPMI,,mycobacterium_tuberculosis,,genome_editing,primary_research,candidate,"relevant host-pathogen/pathway terms matched: interaction, crispr, pathway, tuberculosis, mycobacterium",medium,"older HPMI paper with relevant terms: tuberculosis, mycobacterium",pending,
pmid-34171302,34171302,2021,"An ancient viral epidemic involving host coronavirus interacting genes more than 20,000 years ago in East Asia.","The current severe acute respiratory syndrome coronavirus 2 (SARS-CoV-2) pandemic has emphasized the vulnerability of human populations to novel viral pressures, despite the vast array of epidemiological and biomedical tools now available. Notably, modern human genomes contain...",hpmi_grant_query,HPMI,,,sars-cov-2;sars-cov;coronavirus,,data_or_analysis,candidate,"relevant host-pathogen/pathway terms matched: virus, viral",medium,"older HPMI paper with relevant terms: virus, viral, sars, cov",pending,
pmid-34127972,34127972,2021,Evolution of enhanced innate immune evasion by the SARS-CoV-2 B.1.1.7 UK variant.,"Emergence of SARS-CoV-2 variants, including the globally successful B.1.1.7 lineage, suggests viral adaptations to host selective pressures resulting in more efficient transmission. Although much effort has focused on Spike adaptation for viral entry and adaptive immune escape...",hpmi_grant_query,HPMI,,,sars-cov-2;sars-cov,proteomics,data_or_analysis,candidate,"relevant host-pathogen/pathway terms matched: viral, interaction",medium,"older HPMI paper with relevant terms: viral, sars, cov",pending,
pmid-34031651,34031651,2021,"CryoEM and AI reveal a structure of SARS-CoV-2 Nsp2, a multifunctional protein involved in key host processes.","The SARS-CoV-2 protein Nsp2 has been implicated in a wide range of viral processes, but its exact functions, and the structural basis of those functions, remain unknown. Here, we report an atomic model for full-length Nsp2 obtained by combining cryo-electron microscopy with de...",hpmi_grant_query,HPMI,,,sars-cov-2;sars-cov;coronavirus,proteomics;structural_biology,data_or_analysis,candidate,"relevant host-pathogen/pathway terms matched: viral, interaction",medium,"older HPMI paper with relevant terms: viral, sars, cov",pending,
pmid-34013269,34013269,2021,"CryoEM and AI reveal a structure of SARS-CoV-2 Nsp2, a multifunctional protein involved in key host processes.","The SARS-CoV-2 protein Nsp2 has been implicated in a wide range of viral processes, but its exact functions, and the structural basis of those functions, remain unknown. Here, we report an atomic model for full-length Nsp2 obtained by combining cryo-electron microscopy with de...",hpmi_grant_query,HPMI,,,sars-cov-2;sars-cov;coronavirus,proteomics;structural_biology,data_or_analysis,candidate,"relevant host-pathogen/pathway terms matched: viral, interaction",medium,"older HPMI paper with relevant terms: viral, sars, cov",pending,
pmid-33979618,33979618,2021,Efficient generation of isogenic primary human myeloid cells using CRISPR-Cas9 ribonucleoproteins.,"Genome engineering of primary human cells with CRISPR-Cas9 has revolutionized experimental and therapeutic approaches to cell biology, but human myeloid-lineage cells have remained largely genetically intractable. We present a method for the delivery of CRISPR-Cas9 ribonucleop...",hpmi_grant_query,HPMI,,,hiv,genome_editing,methods,candidate,"relevant host-pathogen/pathway terms matched: host-pathogen, crispr",medium,older HPMI paper with relevant terms: host-pathogen,pending,
pmid-33957123,33957123,2021,From integrative structural biology to cell biology.,"Integrative modeling is an increasingly important tool in structural biology, providing structures by combining data from varied experimental methods and prior information. As a result, molecular architectures of large, heterogeneous, and dynamic systems, such as the ∼52-MDa N...",hpmi_grant_query,HPMI,,,hiv,proteomics;structural_biology,primary_research,unknown,no explicit cross-virus or strong host-mechanism terms matched,low,no strong HPMI literature-priority keywords matched,pending,
pmid-33930332,33930332,2021,Functional landscape of SARS-CoV-2 cellular restriction.,A deficient interferon (IFN) response to severe acute respiratory syndrome coronavirus 2 (SARS-CoV-2) infection has been implicated as a determinant of severe coronavirus disease 2019 (COVID-19). To identify the molecular effectors that govern IFN control of SARS-CoV-2 infecti...,hpmi_grant_query,HPMI,,,sars-cov-2;sars-cov;coronavirus,,primary_research,candidate,relevant host-pathogen/pathway terms matched: viral,medium,"older HPMI paper with relevant terms: viral, sars, cov",pending,
pmid-33853786,33853786,2021,Fragment binding to the Nsp3 macrodomain of SARS-CoV-2 identified through crystallographic screening and computational docking.,The severe acute respiratory syndrome coronavirus 2 (SARS-CoV-2) macrodomain within the nonstructural protein 3 counteracts host-mediated antiviral adenosine diphosphate-ribosylation signaling. This enzyme is a promising antiviral target because catalytic mutations render viru...,hpmi_grant_query,HPMI,,,sars-cov-2;sars-cov;coronavirus;influenza,structural_biology,primary_research,unknown,no explicit cross-virus or strong host-mechanism terms matched,medium,"older HPMI paper with relevant terms: sars, cov",pending,
pmid-33791693,33791693,2021,Phospholipidosis is a shared mechanism underlying the in vitro antiviral activity of many repurposed drugs against SARS-CoV-2.,"Repurposing drugs as treatments for COVID-19 has drawn much attention. A common strategy has been to screen for established drugs, typically developed for other indications, that are antiviral in cells or organisms. Intriguingly, most of the drugs that have emerged from these...",hpmi_grant_query,HPMI,,,sars-cov-2;sars-cov,structural_biology,data_or_analysis,unknown,no explicit cross-virus or strong host-mechanism terms matched,medium,"older HPMI paper with relevant terms: sars, cov",pending,
pmid-33765441,33765441,2021,Creating collaboration by breaking down scientific barriers.,"The scientific world rewards the individual while often discouraging collaboration. However, times of crisis show us how much more we can accomplish when we work together. Here, we describe our approach to breaking down silos and fostering global collaborations and share the l...",hpmi_grant_query,HPMI,,,sars-cov-2;sars-cov,,primary_research,unknown,no explicit cross-virus or strong host-mechanism terms matched,medium,"older HPMI paper with relevant terms: sars, cov",pending,
pmid-33501437,33501437,2021,Host-directed therapies against early-lineage SARS-CoV-2 retain efficacy against B.1.1.7 variant.,"Coronavirus disease 2019 (COVID-19), caused by severe acute respiratory syndrome coronavirus 2 (SARS-CoV-2), has resulted in millions of deaths worldwide and massive societal and economic burden. Recently, a new variant of SARS-CoV-2, known as B.1.1.7, was first detected in th...",hpmi_grant_query,HPMI,,,sars-cov-2;sars-cov;coronavirus,,data_or_analysis,candidate,"relevant host-pathogen/pathway terms matched: virus, viral",medium,"older HPMI paper with relevant terms: virus, viral, sars, cov",pending,
pmid-33495306,33495306,2021,Plitidepsin has potent preclinical efficacy against SARS-CoV-2 by targeting the host protein eEF1A.,"Severe acute respiratory syndrome coronavirus 2 (SARS-CoV-2) viral proteins interact with the eukaryotic translation machinery, and inhibitors of translation have potent antiviral effects. We found that the drug plitidepsin (aplidin), which has limited clinical approval, posse...",hpmi_grant_query,HPMI,,,sars-cov-2;sars-cov;coronavirus,,data_or_analysis,candidate,relevant host-pathogen/pathway terms matched: viral,medium,"older HPMI paper with relevant terms: viral, sars, cov",pending,
pmid-33464917,33464917,2021,Proteomic Approaches to Study SARS-CoV-2 Biology and COVID-19 Pathology.,"The novel severe acute respiratory syndrome coronavirus 2 (SARS-CoV-2), the causative agent of coronavirus disease 2019 (COVID-19), was declared a pandemic infection in March 2020. As of December 2020, two COVID-19 vaccines have been authorized for emergency use by the U.S. Fo...",hpmi_grant_query,HPMI,,,sars-cov-2;sars-cov;coronavirus,protein_interaction_mapping;proteomics;structural_biology,review,candidate,"relevant host-pathogen/pathway terms matched: virus, interaction",medium,"older HPMI paper with relevant terms: virus, sars, cov",pending,
pmid-33434350,33434350,2021,Mass spectrometry-based protein-protein interaction networks for the study of human diseases.,A better understanding of the molecular mechanisms underlying disease is key for expediting the development of novel therapeutic interventions. Disease mechanisms are often mediated by interactions between proteins. Insights into the physical rewiring of protein-protein intera...,hpmi_grant_query,HPMI,,,,protein_interaction_mapping;proteomics,review,candidate,relevant host-pathogen/pathway terms matched: interaction,low,no strong HPMI literature-priority keywords matched,pending,
pmid-33333024,33333024,2021,Genetic Screens Identify Host Factors for SARS-CoV-2 and Common Cold Coronaviruses.,The Coronaviridae are a family of viruses that cause disease in humans ranging from mild respiratory infection to potentially lethal acute respiratory distress syndrome. Finding host factors common to multiple coronaviruses could facilitate the development of therapies to comb...,hpmi_grant_query,HPMI,,,sars-cov-2;sars-cov;coronavirus,crispr_screen,primary_research,candidate,"relevant host-pathogen/pathway terms matched: viral, crispr",medium,"older HPMI paper with relevant terms: viral, sars, cov, respiratory infection",pending,
pmid-33328654,33328654,2021,Controlling and enhancing CRISPR systems.,Many bacterial and archaeal organisms use clustered regularly interspaced short palindromic repeats-CRISPR associated (CRISPR-Cas) systems to defend themselves from mobile genetic elements. These CRISPR-Cas systems are classified into six types based on their composition and m...,hpmi_grant_query,HPMI,,,,genome_editing,review,candidate,relevant host-pathogen/pathway terms matched: crispr,low,no strong HPMI literature-priority keywords matched,pending,
pmid-33082574,33082574,2021,Bi-paratopic and multivalent VH domains block ACE2 binding and neutralize SARS-CoV-2.,"Neutralizing agents against SARS-CoV-2 are urgently needed for the treatment and prophylaxis of COVID-19. Here, we present a strategy to rapidly identify and assemble synthetic human variable heavy (VH) domains toward neutralizing epitopes. We constructed a VH-phage library an...",hpmi_grant_query,HPMI,,,sars-cov-2;sars-cov,structural_biology,primary_research,candidate,relevant host-pathogen/pathway terms matched: virus,medium,"older HPMI paper with relevant terms: virus, sars, cov",pending,
pmid-33303586,33303586,2020,Genetic interaction mapping informs integrative structure determination of protein complexes.,"Determining structures of protein complexes is crucial for understanding cellular functions. Here, we describe an integrative structure determination approach that relies on in vivo measurements of genetic interactions. We construct phenotypic profiles for point mutations cros...",hpmi_grant_query,HPMI,,,,structural_biology,methods,candidate,relevant host-pathogen/pathway terms matched: interaction,low,no strong HPMI literature-priority keywords matched,pending,
pmid-33154106,33154106,2020,An ultrapotent synthetic nanobody neutralizes SARS-CoV-2 by stabilizing inactive Spike.,The severe acute respiratory syndrome coronavirus 2 (SARS-CoV-2) virus enters host cells via an interaction between its Spike protein and the host cell receptor angiotensin-converting enzyme 2 (ACE2). By screening a yeast surface-displayed library of synthetic nanobody sequenc...,hpmi_grant_query,HPMI,,,sars-cov-2;sars-cov;coronavirus,structural_biology,primary_research,candidate,"relevant host-pathogen/pathway terms matched: virus, interaction",medium,"older HPMI paper with relevant terms: virus, sars, cov",pending,
pmid-33097660,33097660,2020,SARS-CoV-2 Orf6 hijacks Nup98 to block STAT nuclear import and antagonize interferon signaling.,Severe acute respiratory syndrome coronavirus 2 (SARS-CoV-2) is the causative agent of the ongoing coronavirus disease 2019 (COVID-19) pandemic that is a serious global health problem. Evasion of IFN-mediated antiviral signaling is a common defense strategy that pathogenic vir...,hpmi_grant_query,HPMI,,,sars-cov-2;sars-cov;coronavirus,transcriptomics,primary_research,candidate,"relevant host-pathogen/pathway terms matched: virus, viral",medium,"older HPMI paper with relevant terms: virus, viral, sars, cov",pending,
pmid-33060197,33060197,2020,Comparative host-coronavirus protein interaction networks reveal pan-viral disease mechanisms.,"The COVID-19 pandemic, caused by severe acute respiratory syndrome coronavirus 2 (SARS-CoV-2), is a grave threat to public health and the global economy. SARS-CoV-2 is closely related to the more lethal but less transmissible coronaviruses SARS-CoV-1 and Middle East respirator...",hpmi_grant_query,HPMI,,,sars-cov-2;sars-cov;coronavirus,protein_interaction_mapping;structural_biology,primary_research,high,"explicit cross-virus/shared-host language: comparative, pan-viral",medium,"older HPMI paper with relevant terms: viral, sars, cov",pending,
pmid-32995787,32995787,2020,Functional genomic screens identify human host factors for SARS-CoV-2 and common cold coronaviruses.,The Coronaviridae are a family of viruses that causes disease in humans ranging from mild respiratory infection to potentially lethal acute respiratory distress syndrome. Finding host factors that are common to multiple coronaviruses could facilitate the development of therapi...,hpmi_grant_query,HPMI,,,sars-cov-2;sars-cov;coronavirus,crispr_screen,primary_research,candidate,"relevant host-pathogen/pathway terms matched: viral, crispr",medium,"older HPMI paper with relevant terms: viral, sars, cov, respiratory infection",pending,
pmid-32913054,32913054,2020,General and robust covalently linked graphene oxide affinity grids for high-resolution cryo-EM.,"Affinity grids have great potential to facilitate rapid preparation of even quite impure samples in single-particle cryo-electron microscopy (EM). Yet despite the promising advances of affinity grids over the past decades, no single strategy has demonstrated general utility. H...",hpmi_grant_query,HPMI,,,,structural_biology,primary_research,unknown,no explicit cross-virus or strong host-mechanism terms matched,low,no strong HPMI literature-priority keywords matched,pending,
pmid-32855547,32855547,2020,Evaluation of SARS-CoV-2 serology assays reveals a range of test performance.,"Appropriate use and interpretation of serological tests for assessments of severe acute respiratory syndrome coronavirus 2 (SARS-CoV-2) exposure, infection and potential immunity require accurate data on assay performance. We conducted a head-to-head evaluation of ten point-of...",hpmi_grant_query,HPMI,,,sars-cov-2;sars-cov;coronavirus,,primary_research,unknown,no explicit cross-virus or strong host-mechanism terms matched,medium,"older HPMI paper with relevant terms: sars, cov",pending,
pmid-32785687,32785687,2020,Crippling life support for SARS-CoV-2 and other viruses through synthetic lethality.,"With the rapid global spread of SARS-CoV-2, we have become acutely aware of the inadequacies of our ability to respond to viral epidemics. Although disrupting the viral life cycle is critical for limiting viral spread and disease, it has proven challenging to develop targeted...",hpmi_grant_query,HPMI,,,sars-cov-2;sars-cov,,primary_research,candidate,"relevant host-pathogen/pathway terms matched: virus, viral",medium,"older HPMI paper with relevant terms: virus, viral, sars, cov",pending,
pmid-32763915,32763915,2020,A molecular pore spans the double membrane of the coronavirus replication organelle.,"Coronavirus genome replication is associated with virus-induced cytosolic double-membrane vesicles, which may provide a tailored microenvironment for viral RNA synthesis in the infected cell. However, it is unclear how newly synthesized genomes and messenger RNAs can travel fr...",hpmi_grant_query,HPMI,,,coronavirus,structural_biology,primary_research,candidate,"relevant host-pathogen/pathway terms matched: virus, viral",medium,"older HPMI paper with relevant terms: virus, viral",pending,
pmid-32719457,32719457,2020,Structural basis of CD4 downregulation by HIV-1 Nef.,The HIV-1 Nef protein suppresses multiple immune surveillance mechanisms to promote viral pathogenesis and is an attractive target for the development of novel therapeutics. A key function of Nef is to remove the CD4 receptor from the cell surface by hijacking clathrin- and ad...,hpmi_grant_query,HPMI,,,hiv,structural_biology,primary_research,candidate,"relevant host-pathogen/pathway terms matched: virus, viral",medium,"older HPMI paper with relevant terms: virus, viral",pending,
pmid-32645325,32645325,2020,The Global Phosphorylation Landscape of SARS-CoV-2 Infection.,"The causative agent of the coronavirus disease 2019 (COVID-19) pandemic, severe acute respiratory syndrome coronavirus 2 (SARS-CoV-2), has infected millions and killed hundreds of thousands of people worldwide, highlighting an urgent need to develop antiviral therapies. Here w...",hpmi_grant_query,HPMI,,,sars-cov-2;sars-cov;coronavirus,proteomics,primary_research,candidate,relevant host-pathogen/pathway terms matched: viral,medium,"older HPMI paper with relevant terms: viral, sars, cov",pending,
pmid-32511329,32511329,2020,A SARS-CoV-2-Human Protein-Protein Interaction Map Reveals Drug Targets and Potential Drug-Repurposing.,"An outbreak of the novel coronavirus SARS-CoV-2, the causative agent of COVID-19 respiratory disease, has infected over 290,000 people since the end of 2019, killed over 12,000, and caused worldwide social and economic disruption1,2. There are currently no antiviral drugs with...",hpmi_grant_query,HPMI,,,sars-cov-2;sars-cov;coronavirus,protein_interaction_mapping;proteomics,data_or_analysis,candidate,"relevant host-pathogen/pathway terms matched: virus, viral, interaction, dependency",medium,"older HPMI paper with relevant terms: virus, viral, sars, cov, interaction map",pending,
pmid-32444466,32444466,2020,The Landscape of Human Cancer Proteins Targeted by SARS-CoV-2.,"The mapping of SARS-CoV-2 human protein-protein interactions by Gordon and colleagues revealed druggable targets that are hijacked by the virus. Here, we highlight several oncogenic pathways identified at the host-virus interface of SARS-CoV-2 to enable cancer biologists to ap...",hpmi_grant_query,HPMI,,,sars-cov-2;sars-cov,protein_interaction_mapping,primary_research,candidate,relevant host-pathogen/pathway terms matched: virus,medium,"older HPMI paper with relevant terms: virus, sars, cov",pending,
pmid-32353859,32353859,2020,A SARS-CoV-2 protein interaction map reveals targets for drug repurposing.,"A newly described coronavirus named severe acute respiratory syndrome coronavirus 2 (SARS-CoV-2), which is the causative agent of coronavirus disease 2019 (COVID-19), has infected over 2.3 million people, led to the death of more than 160,000 individuals and caused worldwide s...",hpmi_grant_query,HPMI,,,sars-cov-2;sars-cov;coronavirus,protein_interaction_mapping;proteomics,data_or_analysis,candidate,"relevant host-pathogen/pathway terms matched: viral, interaction",medium,"older HPMI paper with relevant terms: viral, sars, cov, interaction map",pending,
pmid-32084337,32084337,2020,A Quantitative Genetic Interaction Map of HIV Infection.,"We have developed a platform for quantitative genetic interaction mapping using viral infectivity as a functional readout and constructed a viral host-dependency epistasis map (vE-MAP) of 356 human genes linked to HIV function, comprising >63,000 pairwise genetic perturbations...",hpmi_grant_query,HPMI,,,hiv,,data_or_analysis,candidate,"relevant host-pathogen/pathway terms matched: viral, interaction, dependency, pathway",medium,"older HPMI paper with relevant terms: viral, interaction map",pending,
pmid-32060427,32060427,2020,A systems approach to infectious disease.,"Ongoing social, political and ecological changes in the 21st century have placed more people at risk of life-threatening acute and chronic infections than ever before. The development of new diagnostic, prophylactic, therapeutic and curative strategies is critical to address t...",hpmi_grant_query,HPMI,,,,,primary_research,candidate,relevant host-pathogen/pathway terms matched: host-pathogen,medium,older HPMI paper with relevant terms: host-pathogen,pending,
pmid-31951200,31951200,2020,Dynamic post-translational modification profiling of Mycobacterium tuberculosis-infected primary macrophages.,"Macrophages are highly plastic cells with critical roles in immunity, cancer, and tissue homeostasis, but how these distinct cellular fates are triggered by environmental cues is poorly understood. To uncover how primary murine macrophages respond to bacterial pathogens, we gl...",hpmi_grant_query,HPMI,,mycobacterium_tuberculosis,,proteomics,data_or_analysis,candidate,"relevant host-pathogen/pathway terms matched: proteome, tuberculosis, mycobacterium",medium,"older HPMI paper with relevant terms: tuberculosis, mycobacterium",pending,
pmid-31866389,31866389,2020,Amino and PEG-amino graphene oxide grids enrich and protect samples for high-resolution single particle cryo-electron microscopy.,"Cryo-EM samples prepared using traditional methods often suffer from too few particles, poor particle distribution, strongly biased orientation, or damage from the air-water interface. Here we report that functionalization of graphene oxide (GO) coated grids with amino groups...",hpmi_grant_query,HPMI,,,,structural_biology,primary_research,unknown,no explicit cross-virus or strong host-mechanism terms matched,low,no strong HPMI literature-priority keywords matched,pending,
pmid-31886769,31886769,2019,The structure of the endogenous ESX-3 secretion system.,"The ESX (or Type VII) secretion systems are protein export systems in mycobacteria and many Gram-positive bacteria that mediate a broad range of functions including virulence, conjugation, and metabolic regulation. These systems translocate folded dimers of WXG100-superfamily...",hpmi_grant_query,HPMI,,,,structural_biology,primary_research,candidate,relevant host-pathogen/pathway terms matched: mycobacterium,medium,older HPMI paper with relevant terms: mycobacterium,pending,
pmid-31546247,31546247,2019,Release from UNC93B1 reinforces the compartmentalized activation of select TLRs.,Nucleic acid-sensing Toll-like receptors (TLRs) are subject to complex regulation to facilitate the recognition of microbial DNA and RNA while limiting the recognition of an organism's own nucleic acids1. Failure to properly regulate these TLRs can lead to autoimmune and autoi...,hpmi_grant_query,HPMI,,,,,primary_research,unknown,no explicit cross-virus or strong host-mechanism terms matched,low,no strong HPMI literature-priority keywords matched,pending,
pmid-31546246,31546246,2019,UNC93B1 recruits syntenin-1 to dampen TLR7 signalling and prevent autoimmunity.,"At least two members of the Toll-like receptor (TLR) family, TLR7 and TLR9, can recognize self-RNA and self-DNA, respectively. Despite the structural and functional similarities between these receptors, their contributions to autoimmune diseases such as systemic lupus erythema...",hpmi_grant_query,HPMI,,,,proteomics;structural_biology,primary_research,unknown,no explicit cross-virus or strong host-mechanism terms matched,low,no strong HPMI literature-priority keywords matched,pending,
pmid-31540829,31540829,2019,Systematic Identification of Host Cell Regulators of Legionella pneumophila Pathogenesis Using a Genome-wide CRISPR Screen.,"During infection, Legionella pneumophila translocates over 300 effector proteins into the host cytosol, allowing the pathogen to establish an endoplasmic reticulum (ER)-like Legionella-containing vacuole (LCV) that supports bacterial replication. Here, we perform a genome-wide...",hpmi_grant_query,HPMI,,legionella_pneumophila,,crispr_screen;genome_editing,data_or_analysis,candidate,relevant host-pathogen/pathway terms matched: crispr,medium,older HPMI paper with relevant terms: crispr screen,pending,
pmid-31359007,31359007,2019,Large dataset enables prediction of repair after CRISPR-Cas9 editing in primary T cells.,"Understanding of repair outcomes after Cas9-induced DNA cleavage is still limited, especially in primary human cells. We sequence repair outcomes at 1,656 on-target genomic sites in primary human T cells and use these data to train a machine learning model, which we have calle...",hpmi_grant_query,HPMI,,,,genome_editing,primary_research,candidate,relevant host-pathogen/pathway terms matched: crispr,low,no strong HPMI literature-priority keywords matched,pending,
pmid-31253590,31253590,2019,ARIH2 Is a Vif-Dependent Regulator of CUL5-Mediated APOBEC3G Degradation in HIV Infection.,"The Cullin-RING E3 ligase (CRL) family is commonly hijacked by pathogens to redirect the host ubiquitin proteasome machinery to specific targets. During HIV infection, CRL5 is hijacked by HIV Vif to target viral restriction factors of the APOBEC3 family for ubiquitination and...",hpmi_grant_query,HPMI,,,hiv,proteomics,primary_research,candidate,relevant host-pathogen/pathway terms matched: viral,medium,older HPMI paper with relevant terms: viral,pending,
pmid-31239378,31239378,2019,Two Accessory Proteins Govern MmpL3 Mycolic Acid Transport in Mycobacteria.,"Mycolic acids are the signature lipid of mycobacteria and constitute an important physical component of the cell wall, a target of mycobacterium-specific antibiotics and a mediator of Mycobacterium tuberculosis pathogenesis. Mycolic acids are synthesized in the cytoplasm and a...",hpmi_grant_query,HPMI,,mycobacterium_tuberculosis,,structural_biology,primary_research,candidate,"relevant host-pathogen/pathway terms matched: tuberculosis, mycobacterium",medium,"older HPMI paper with relevant terms: tuberculosis, mycobacterium",pending,
pmid-31204998,31204998,2019,Cas9(+) conditionally-immortalized macrophages as a tool for bacterial pathogenesis and beyond.,"Macrophages play critical roles in immunity, development, tissue repair, and cancer, but studies of their function have been hampered by poorly-differentiated tumor cell lines and genetically-intractable primary cells. Here we report a facile system for genome editing in non-t...",hpmi_grant_query,HPMI,,mycobacterium_tuberculosis,,genome_editing,primary_research,candidate,"relevant host-pathogen/pathway terms matched: tuberculosis, mycobacterium",medium,"older HPMI paper with relevant terms: tuberculosis, mycobacterium",pending,
pmid-30878356,30878356,2019,DDOT: A Swiss Army Knife for Investigating Data-Driven Biological Ontologies.,"Systems biology requires not only genome-scale data but also methods to integrate these data into interpretable models. Previously, we developed approaches that organize omics data into a structured hierarchy of cellular components and pathways, called a ""data-driven ontology....",hpmi_grant_query,HPMI,,,hiv,structural_biology,primary_research,unknown,no explicit cross-virus or strong host-mechanism terms matched,low,no strong HPMI literature-priority keywords matched,pending,
pmid-30833725,30833725,2019,Identification of antiviral roles for the exon-junction complex and nonsense-mediated decay in flaviviral infection.,"West Nile virus (WNV) is an emerging mosquito-borne flavivirus, related to dengue virus and Zika virus. To gain insight into host pathways involved in WNV infection, we performed a systematic affinity-tag purification mass spectrometry (APMS) study to identify 259 WNV-interact...",hpmi_grant_query,HPMI,,,influenza;dengue;zika,proteomics,data_or_analysis,candidate,"relevant host-pathogen/pathway terms matched: virus, viral, interaction",medium,"older HPMI paper with relevant terms: virus, viral, dengue, zika",pending,
pmid-30550790,30550790,2018,Comparative Flavivirus-Host Protein Interaction Mapping Reveals Mechanisms of Dengue and Zika Virus Pathogenesis.,"Mosquito-borne flaviviruses, including dengue virus (DENV) and Zika virus (ZIKV), are a growing public health concern. Systems-level analysis of how flaviviruses hijack cellular processes through virus-host protein-protein interactions (PPIs) provides information about their r...",hpmi_grant_query,HPMI,,,dengue;zika,protein_interaction_mapping;proteomics,primary_research,high,explicit cross-virus/shared-host language: comparative,medium,"older HPMI paper with relevant terms: virus, dengue, zika",pending,
pmid-30550789,30550789,2018,Protein Interaction Mapping Identifies RBBP6 as a Negative Regulator of Ebola Virus Replication.,"Ebola virus (EBOV) infection often results in fatal illness in humans, yet little is known about how EBOV usurps host pathways during infection. To address this, we used affinity tag-purification mass spectrometry (AP-MS) to generate an EBOV-host protein-protein interaction (P...",hpmi_grant_query,HPMI,,,,protein_interaction_mapping;proteomics;structural_biology,data_or_analysis,candidate,"relevant host-pathogen/pathway terms matched: virus, viral, interaction",medium,"older HPMI paper with relevant terms: virus, viral",pending,
pmid-30174294,30174294,2018,Mycobacterial Mutagenesis and Drug Resistance Are Controlled by Phosphorylation- and Cardiolipin-Mediated Inhibition of the RecA Coprotease.,"Infection with Mycobacterium tuberculosis continues to cause substantial human mortality, in part because of the emergence of antimicrobial resistance. Antimicrobial resistance in tuberculosis is solely the result of chromosomal mutations that modify drug activators or targets...",hpmi_grant_query,HPMI,,mycobacterium_tuberculosis,,proteomics,primary_research,candidate,"relevant host-pathogen/pathway terms matched: tuberculosis, mycobacterium",medium,"older HPMI paper with relevant terms: tuberculosis, mycobacterium",pending,
pmid-30017701,30017701,2018,A simple and robust procedure for preparing graphene-oxide cryo-EM grids.,"Graphene oxide (GO) sheets have been used successfully as a supporting substrate film in several recent cryogenic electron-microscopy (cryo-EM) studies of challenging biological macromolecules. However, difficulties in preparing GO-covered holey carbon EM grids have limited th...",hpmi_grant_query,HPMI,,,,structural_biology,methods,unknown,no explicit cross-virus or strong host-mechanism terms matched,low,no strong HPMI literature-priority keywords matched,pending,
